timestamp,blockNum,amoId,convex_amo,curve_amo,curve_metapool_locker_amo,stakedao_amo,curve_accrued_profit,curve_related_total,CRV,CVX,ETH,SDT,AAVE,COMP,TRIBE,cvx_locker,investor_amo,ohm_amo,investor_accrued_profit,investor_related_total,aave_amo,cream_amo,hundred_amo,rari_amo,scream_amo,spirit_ola_lending_amo,lending_accrued_profit,lending_related_total,arbitrum_curve_amo,arbitrum_sushiswap_amo,avalanche_axial_amo,avalanche_pangolin_amo,binance_apeswap_amo,fantom_curve_amo,fantom_spiritswap_amo,harmony_sushiswap_amo,moonriver_sushiswap_amo,polygon_curve_amo,polygon_sushiswap_amo,solana_saber_msig,univ3_liquidity_amo,liquidity_accrued_profit,liquidity_related_total,accrued_profit,grand_total
2021-06-08 00:19:49,12592320,86390,0.0,30964160.21,0.0,0.0,0.0,30964160.21,0.0,0.0,0.0,0.0,0.0,0.0,0.0,0.0,62799379.08,0.0,0.0,62799379.08,0.0,0.0,0.0,0.0,0.0,0.0,0.0,0.0,0.0,0.0,0.0,0.0,0.0,0.0,0.0,0,0.0,0.0,0.0,0.0,0.0,0.0,0.0,1150835.97,93763539.29
2021-06-09 00:19:49,12600000,86364,0.0,27947151.55,0.0,0.0,0.0,27947151.55,0.0,0.0,0.0,0.0,0.0,0.0,0.0,0.0,62804530.93,0.0,0.0,62804530.93,0.0,0.0,0.0,0.0,0.0,0.0,0.0,0.0,0.0,0.0,0.0,0.0,0.0,0.0,0.0,0,0.0,0.0,0.0,0.0,0.0,0.0,0.0,1139550.22,90751682.48
2021-06-10 00:19:49,12606720,86340,0.0,27952416.23,0.0,0.0,0.0,27952416.23,0.0,0.0,0.0,0.0,0.0,0.0,0.0,0.0,62809026.79,0.0,0.0,62809026.79,0.0,0.0,0.0,0.0,0.0,0.0,0.0,0.0,0.0,0.0,0.0,0.0,0.0,0.0,0.0,0,0.0,0.0,0.0,0.0,0.0,0.0,0.0,1141145.03,90761443.02
2021-06-11 00:19:49,12613200,86316,0.0,27961038.13,0.0,0.0,0.0,27961038.13,0.0,0.0,0.0,0.0,0.0,0.0,0.0,0.0,62814853.24,0.0,0.0,62814853.24,0.0,0.0,0.0,0.0,0.0,0.0,0.0,0.0,0.0,0.0,0.0,0.0,0.0,0.0,0.0,0,0.0,0.0,0.0,0.0,0.0,0.0,0.0,1146296.83,90775891.37
2021-06-12 00:19:49,12619200,86293,0.0,27970383.46,0.0,0.0,0.0,27970383.46,0.0,0.0,0.0,0.0,0.0,0.0,0.0,0.0,62819726.43,0.0,0.0,62819726.43,0.0,0.0,0.0,0.0,0.0,0.0,0.0,0.0,0.0,0.0,0.0,0.0,0.0,0.0,0.0,0,0.0,0.0,0.0,0.0,0.0,0.0,0.0,1153032.58,90790109.89
2021-06-13 00:19:49,12625440,86271,0.0,27989842.04,0.0,0.0,0.0,27989842.04,0.0,0.0,0.0,0.0,0.0,0.0,0.0,0.0,62823698.89,0.0,0.0,62823698.89,0.0,0.0,0.0,0.0,0.0,0.0,0.0,0.0,0.0,0.0,0.0,0.0,0.0,0.0,0.0,0,0.0,0.0,0.0,0.0,0.0,0.0,0.0,1158247.61,90813540.92
2021-06-14 00:19:49,12634800,86257,0.0,28009935.05,0.0,0.0,0.0,28009935.05,0.0,0.0,0.0,0.0,0.0,0.0,0.0,0.0,62835477.72,0.0,0.0,62835477.72,0.0,0.0,0.0,0.0,0.0,0.0,0.0,0.0,0.0,0.0,0.0,0.0,0.0,0.0,0.0,0,0.0,0.0,0.0,0.0,0.0,0.0,0.0,1171088.34,90845412.78
2021-06-15 00:19:49,12639361,86240,0.0,28017622.32,0.0,0.0,0.0,28017622.32,0.0,0.0,0.0,0.0,0.0,0.0,0.0,0.0,62836293.76,0.0,0.0,62836293.76,0.0,0.0,0.0,0.0,0.0,0.0,0.0,0.0,0.0,0.0,0.0,0.0,0.0,0.0,0.0,0,0.0,0.0,0.0,0.0,0.0,0.0,0.0,1173029.84,90853916.08
2021-06-16 00:19:49,12645600,86214,0.0,28024640.3,0.0,0.0,0.0,28024640.3,0.0,0.0,0.0,0.0,0.0,0.0,0.0,0.0,62843128.66,0.0,0.0,62843128.66,0.0,0.0,0.0,0.0,0.0,0.0,0.0,0.0,0.0,0.0,0.0,0.0,0.0,0.0,0.0,0,0.0,0.0,0.0,0.0,0.0,0.0,0.0,1187860.54,90867768.95
2021-06-17 00:19:49,12651359,86192,0.0,28042442.63,0.0,0.0,0.0,28042442.63,0.0,0.0,0.0,0.0,0.0,0.0,0.0,0.0,62846648.73,0.0,0.0,62846648.73,0.0,0.0,0.0,0.0,0.0,0.0,0.0,0.0,0.0,0.0,0.0,0.0,0.0,0.0,0.0,0,0.0,0.0,0.0,0.0,0.0,0.0,0.0,1186889.53,90889091.37
2021-06-18 00:19:49,12659040,86173,0.0,28056177.27,0.0,0.0,0.0,28056177.27,0.0,0.0,0.0,0.0,0.0,0.0,0.0,0.0,62852430.54,0.0,0.0,62852430.54,0.0,0.0,0.0,0.0,0.0,0.0,0.0,0.0,0.0,0.0,0.0,0.0,0.0,0.0,0.0,0,0.0,0.0,0.0,0.0,0.0,0.0,0.0,1196833.56,90908607.81
2021-06-19 00:19:49,12664800,86153,0.0,28065274.6,0.0,0.0,0.0,28065274.6,0.0,0.0,0.0,0.0,0.0,0.0,0.0,0.0,62856166.03,0.0,0.0,62856166.03,0.0,0.0,0.0,0.0,0.0,0.0,0.0,0.0,0.0,0.0,0.0,0.0,0.0,0.0,0.0,0,0.0,0.0,0.0,0.0,0.0,0.0,0.0,1199859.11,90921440.63
2021-06-20 00:19:49,12671520,86128,0.0,28076756.78,0.0,9974407.32,0.0,38051164.09,0.0,0.0,0.0,0.0,0.0,0.0,0.0,0.0,62859489.54,0.0,0.0,62859489.54,0.0,0.0,0.0,0.0,0.0,0.0,0.0,0.0,0.0,0.0,0.0,0.0,0.0,0.0,0.0,0,0.0,0.0,0.0,0.0,0.0,0.0,0.0,1248674.88,100910653.64
2021-06-21 00:19:49,12678000,86104,0.0,38042329.23,0.0,12962782.64,0.0,51005111.87,0.0,0.0,0.0,0.0,0.0,0.0,0.0,0.0,62864960.21,0.0,0.0,62864960.21,0.0,0.0,0.0,0.0,0.0,0.0,0.0,0.0,0.0,0.0,0.0,0.0,0.0,0.0,0.0,0,0.0,0.0,0.0,0.0,0.0,0.0,0.0,1320463.68,113870072.07
2021-06-22 00:19:49,12684000,86082,0.0,38042935.15,0.0,12962782.64,0.0,51005717.79,0.0,0.0,0.0,0.0,0.0,0.0,0.0,0.0,62872712.74,0.0,0.0,62872712.74,0.0,0.0,0.0,0.0,0.0,0.0,0.0,0.0,0.0,0.0,0.0,0.0,0.0,0.0,0.0,0,0.0,0.0,0.0,0.0,0.0,0.0,0.0,1335234.97,113878430.52
2021-06-23 00:19:49,12690001,86058,0.0,27929780.16,0.0,23906012.98,0.0,51835793.15,0.0,0.0,0.0,0.0,0.0,0.0,0.0,0.0,44464353.89,750.57,0.0,44465104.46,0.0,0.0,0.0,0.0,0.0,0.0,0.0,0.0,0.0,0.0,0.0,0.0,0.0,0.0,0.0,0,0.0,0.0,0.0,0.0,0.0,0.0,0.0,1334411.65,96300897.6
2021-06-24 00:19:49,12697201,86035,0.0,27948299.0,0.0,23912145.86,0.0,51860444.87,0.0,0.0,0.0,0.0,0.0,0.0,0.0,0.0,44468017.43,41132.27,0.0,44509149.69,0.0,0.0,0.0,0.0,0.0,0.0,0.0,0.0,0.0,0.0,0.0,0.0,0.0,0.0,0.0,0,0.0,0.0,0.0,0.0,0.0,0.0,0.0,1319750.95,96369594.56
2021-06-25 00:19:49,12703200,86012,0.0,27959243.31,0.0,23917103.88,0.0,51876347.18,0.0,0.0,0.0,0.0,0.0,0.0,0.0,0.0,44469913.33,49913.33,0.0,44519826.65,0.0,0.0,0.0,0.0,0.0,0.0,0.0,0.0,0.0,0.0,0.0,0.0,0.0,0.0,0.0,0,0.0,0.0,0.0,0.0,0.0,0.0,0.0,1301623.95,96396173.84
2021-06-26 00:19:49,12709440,85988,0.0,27969901.27,0.0,28900873.12,0.0,56870774.39,0.0,0.0,0.0,0.0,0.0,0.0,0.0,0.0,44472201.52,65499.55,0.0,44537701.07,0.0,0.0,0.0,0.0,0.0,0.0,0.0,0.0,0.0,0.0,0.0,0.0,0.0,0.0,0.0,0,0.0,0.0,0.0,0.0,0.0,0.0,0.0,1342663.45,101408475.46
2021-06-27 00:19:49,12716160,85964,0.0,27975960.25,0.0,28909834.79,0.0,56885795.04,0.0,0.0,0.0,0.0,0.0,0.0,0.0,0.0,44477903.08,122412.44,0.0,44600315.52,0.0,0.0,0.0,0.0,0.0,0.0,0.0,0.0,0.0,0.0,0.0,0.0,0.0,0.0,0.0,0,0.0,0.0,0.0,0.0,0.0,0.0,0.0,1348450.36,101486110.56
2021-06-28 00:19:49,12722400,85940,0.0,36350611.86,0.0,28909834.79,0.0,65260446.65,0.0,0.0,0.0,0.0,0.0,0.0,0.0,0.0,44480344.79,99344.97,0.0,44579689.75,0.0,0.0,0.0,0.0,0.0,0.0,0.0,0.0,0.0,0.0,0.0,0.0,0.0,0.0,0.0,0,0.0,0.0,0.0,0.0,0.0,0.0,0.0,1374922.18,109840136.4
2021-06-29 00:19:49,12729120,85916,12993680.6,36358103.92,0.0,28925303.09,0.0,78277087.61,0.0,0.0,0.0,0.0,0.0,0.0,0.0,0.0,44483760.29,140280.4,0.0,44624040.69,0.0,0.0,0.0,0.0,0.0,0.0,0.0,0.0,0.0,0.0,0.0,0.0,0.0,0.0,0.0,0,0.0,0.0,0.0,0.0,0.0,0.0,0.0,1318462.37,122901128.3
2021-06-30 00:19:49,12737280,85899,24998575.05,36386625.71,0.0,28925303.09,0.0,90310503.84,0.0,0.0,0.0,0.0,0.0,0.0,0.0,0.0,44485649.17,213846.87,0.0,44699496.05,0.0,0.0,0.0,0.0,0.0,0.0,0.0,0.0,0.0,0.0,0.0,0.0,0.0,0.0,0.0,0,0.0,0.0,0.0,0.0,0.0,0.0,0.0,1397103.17,135009999.89
2021-07-01 00:19:49,12742080,85882,35000547.94,36391012.5,0.0,28947789.84,0.0,100339350.28,0.0,0.0,0.0,0.0,0.0,0.0,0.0,0.0,44488686.99,153065.92,0.0,44641752.9,0.0,0.0,0.0,0.0,0.0,0.0,0.0,0.0,0.0,0.0,0.0,0.0,0.0,0.0,0.0,0,0.0,0.0,0.0,0.0,0.0,0.0,0.0,1341148.51,144981103.18
2021-07-02 00:19:49,12748080,85859,42001279.33,36397415.13,0.0,28947789.84,0.0,107346484.3,0.0,0.0,0.0,0.0,0.0,0.0,0.0,0.0,44490242.77,221628.13,0.0,44711870.9,0.0,0.0,0.0,0.0,0.0,0.0,0.0,0.0,0.0,0.0,0.0,0.0,0.0,0.0,0.0,0,0.0,0.0,0.0,0.0,0.0,0.0,0.0,1411584.47,152058355.2
2021-07-03 00:19:49,12754800,85833,56004442.77,36418247.84,0.0,28947789.84,0.0,121370480.45,0.0,0.0,0.0,0.0,0.0,0.0,0.0,0.0,54467466.9,275815.54,0.0,54743282.44,0.0,0.0,0.0,0.0,0.0,0.0,0.0,0.0,0.0,0.0,0.0,0.0,0.0,0.0,0.0,0,0.0,0.0,0.0,0.0,0.0,0.0,0.0,1468017.27,176113762.89
2021-07-04 00:19:49,12761280,85807,56005088.22,36422421.26,0.0,28964494.2,0.0,121392003.68,0.0,0.0,0.0,0.0,0.0,0.0,0.0,0.0,54468817.26,247260.95,0.0,54716078.21,0.0,0.0,0.0,0.0,0.0,0.0,0.0,0.0,0.0,0.0,0.0,0.0,0.0,0.0,0.0,0,0.0,0.0,0.0,0.0,0.0,0.0,0.0,1341924.91,176108081.89
2021-07-05 00:19:49,12767761,85783,56005457.08,36428865.4,0.0,28964494.2,0.0,121398816.67,0.0,0.0,0.0,0.0,0.0,0.0,0.0,0.0,54472283.43,222728.6,0.0,54695012.02,0.0,0.0,0.0,0.0,0.0,0.0,0.0,0.0,0.0,0.0,0.0,0.0,0.0,0.0,0.0,0,0.0,0.0,0.0,0.0,0.0,0.0,0.0,1321559.36,176093828.7
2021-07-06 00:19:49,12773760,85760,56006572.74,36445106.98,0.0,28964494.2,0.0,121416173.92,0.0,0.0,0.0,0.0,0.0,0.0,0.0,0.0,54474456.35,256339.19,0.0,54730795.54,0.0,0.0,0.0,0.0,0.0,0.0,0.0,0.0,0.0,0.0,0.0,0.0,0.0,0.0,0.0,0,0.0,0.0,0.0,0.0,0.0,0.0,0.0,1359153.34,176146969.46
2021-07-07 00:19:49,12780480,85735,61006961.46,36453824.57,0.0,28964494.2,0.0,126425280.23,0.0,0.0,0.0,0.0,0.0,0.0,0.0,0.0,54477421.19,284957.43,0.0,54762378.62,0.0,0.0,0.0,0.0,0.0,0.0,0.0,0.0,0.0,0.0,0.0,0.0,0.0,0.0,0.0,0,0.0,0.0,0.0,0.0,0.0,0.0,0.0,1391209.13,181187658.85
2021-07-08 00:19:49,12787200,85711,67008726.97,36481051.94,0.0,28992895.28,0.0,132482674.19,0.0,0.0,0.0,0.0,0.0,0.0,0.0,0.0,54482482.95,353788.16,0.0,54836271.11,0.0,0.0,0.0,0.0,0.0,0.0,0.0,0.0,0.0,0.0,0.0,0.0,0.0,0.0,0.0,0,0.0,0.0,0.0,0.0,0.0,0.0,0.0,1400867.56,187318945.3
2021-07-09 00:19:49,12793200,85688,72009707.03,36484856.55,0.0,28992895.28,0.0,137487458.86,0.0,0.0,0.0,0.0,0.0,0.0,0.0,0.0,54485741.92,372533.52,0.0,54858275.44,0.0,0.0,0.0,0.0,0.0,0.0,0.0,0.0,0.0,0.0,0.0,0.0,0.0,0.0,0.0,0,0.0,0.0,0.0,0.0,0.0,0.0,0.0,1424097.07,192345734.3
2021-07-10 00:19:49,12799680,85665,72010850.53,36490854.74,0.0,28992895.28,0.0,137494600.55,0.0,0.0,0.0,0.0,0.0,0.0,0.0,0.0,54492286.03,434461.79,0.0,54926747.82,0.0,0.0,0.0,0.0,0.0,0.0,0.0,0.0,0.0,0.0,0.0,0.0,0.0,0.0,0.0,0,0.0,0.0,0.0,0.0,0.0,0.0,0.0,1493969.53,192421348.37
2021-07-11 00:19:49,12806160,85641,72011106.59,36503568.54,0.0,28992895.28,0.0,137507570.41,0.0,0.0,0.0,0.0,0.0,0.0,0.0,0.0,54499203.01,491206.34,0.0,54990409.35,0.0,0.0,0.0,0.0,0.0,0.0,0.0,0.0,0.0,0.0,0.0,0.0,0.0,0.0,0.0,0,0.0,0.0,0.0,0.0,0.0,0.0,0.0,1556209.16,192497979.77
2021-07-12 00:19:49,12812640,85620,72011564.59,36509792.4,0.0,28992895.28,0.0,137514252.26,0.0,0.0,0.0,0.0,0.0,0.0,0.0,0.0,54506044.02,463795.36,0.0,54969839.38,0.0,0.0,0.0,0.0,0.0,0.0,0.0,0.0,0.0,0.0,0.0,0.0,0.0,0.0,0.0,0,0.0,0.0,0.0,0.0,0.0,0.0,0.0,1536395.79,192484091.64
2021-07-13 00:19:49,12818640,85599,72012407.75,36523420.11,0.0,28992895.28,0.0,137528723.13,0.0,0.0,0.0,0.0,0.0,0.0,0.0,0.0,54512434.08,519762.55,0.0,55032196.63,0.0,0.0,0.0,0.0,0.0,0.0,0.0,0.0,0.0,0.0,0.0,0.0,0.0,0.0,0.0,0,0.0,0.0,0.0,0.0,0.0,0.0,0.0,1599800.63,192560919.76
2021-07-14 00:19:49,12824880,85577,72013467.79,36525419.81,0.0,28992895.28,0.0,137531782.88,0.0,0.0,0.0,0.0,0.0,0.0,0.0,0.0,54519383.81,538643.86,0.0,55058027.67,0.0,0.0,0.0,0.0,0.0,0.0,0.0,0.0,0.0,0.0,0.0,0.0,0.0,0.0,0.0,0,0.0,0.0,0.0,0.0,0.0,0.0,0.0,1526751.11,192589810.55
2021-07-15 00:19:49,12831840,85555,77014022.61,36539158.84,0.0,28992895.28,0.0,142546076.73,0.0,0.0,0.0,0.0,0.0,0.0,0.0,0.0,54527738.95,894585.58,0.0,55422324.52,0.0,0.0,0.0,0.0,0.0,0.0,0.0,0.0,0.0,0.0,0.0,0.0,0.0,0.0,0.0,0,0.0,0.0,0.0,0.0,0.0,0.0,0.0,1492592.96,197968401.26
2021-07-16 00:19:49,12838080,85534,77014829.08,36544406.87,0.0,28992895.28,0.0,142552131.23,0.0,0.0,0.0,0.0,0.0,0.0,0.0,0.0,54530500.91,981624.13,0.0,55512125.04,0.0,0.0,0.0,0.0,0.0,0.0,0.0,0.0,0.0,0.0,0.0,0.0,0.0,0.0,0.0,0,0.0,0.0,0.0,0.0,0.0,0.0,0.0,1583324.08,198064256.27
2021-07-17 00:19:49,12844320,85511,77015143.2,36549224.23,0.0,28992895.28,0.0,142557262.71,0.0,0.0,0.0,0.0,0.0,0.0,0.0,0.0,54538741.07,1085355.18,0.0,55624096.25,0.0,0.0,0.0,0.0,0.0,0.0,0.0,0.0,0.0,0.0,0.0,0.0,0.0,0.0,0.0,0,0.0,0.0,0.0,0.0,0.0,0.0,0.0,1695649.19,198181358.96
2021-07-18 00:19:49,12850320,85488,77016825.34,36552985.68,0.0,28992895.28,0.0,142562706.3,0.0,0.0,0.0,0.0,0.0,0.0,0.0,0.0,54544271.16,1214594.08,0.0,55758865.24,0.0,0.0,0.0,0.0,0.0,0.0,0.0,0.0,0.0,0.0,0.0,0.0,0.0,0.0,0.0,0,0.0,0.0,0.0,0.0,0.0,0.0,0.0,1832086.25,198321571.55
2021-07-19 00:19:49,12857040,85464,77016839.42,36574879.23,0.0,28992895.28,0.0,142584613.93,0.0,0.0,0.0,0.0,0.0,0.0,0.0,0.0,54550018.17,1292723.07,0.0,55842741.24,0.0,0.0,0.0,0.0,0.0,0.0,0.0,0.0,0.0,0.0,0.0,0.0,0.0,0.0,0.0,0,0.0,0.0,0.0,0.0,0.0,0.0,0.0,1916084.63,198427355.18
2021-07-20 00:19:49,12863280,85442,77018287.22,36580052.09,0.0,28992895.28,0.0,142591234.59,0.0,0.0,0.0,0.0,0.0,0.0,0.0,0.0,54558983.06,1156058.75,0.0,55715041.8,0.0,0.0,0.0,0.0,0.0,0.0,0.0,0.0,0.0,0.0,0.0,0.0,0.0,0.0,0.0,0,0.0,0.0,0.0,0.0,0.0,0.0,0.0,1789665.9,198306276.39
2021-07-21 00:19:49,12872400,85430,77019345.0,36596268.49,0.0,28992895.28,0.0,142608508.76,0.0,0.0,0.0,0.0,0.0,0.0,0.0,0.0,54568888.16,1317429.47,0.0,55886317.63,0.0,0.0,0.0,0.0,0.0,0.0,0.0,0.0,0.0,0.0,0.0,0.0,0.0,0.0,0.0,0,0.0,0.0,0.0,0.0,0.0,0.0,0.0,1962394.36,198494826.39
2021-07-22 00:19:49,12876480,85418,77020107.67,36597035.77,0.0,28992895.28,0.0,142610038.72,0.0,0.0,0.0,0.0,0.0,0.0,0.0,0.0,54572421.41,1430052.98,0.0,56002474.4,0.0,0.0,0.0,0.0,0.0,0.0,0.0,0.0,0.0,0.0,0.0,0.0,0.0,0.0,0.0,0,0.0,0.0,0.0,0.0,0.0,0.0,0.0,2079464.12,198612513.12
2021-07-23 00:19:49,12882481,85400,77020843.46,36600557.41,0.0,28992895.28,0.0,142614296.15,0.0,0.0,0.0,0.0,0.0,0.0,0.0,0.0,54577159.23,1433445.99,0.0,56010605.22,0.0,0.0,0.0,0.0,0.0,0.0,0.0,0.0,0.0,0.0,0.0,0.0,0.0,0.0,0.0,0,0.0,0.0,0.0,0.0,0.0,0.0,0.0,2088506.87,198624901.37
2021-07-24 00:19:49,12889200,85382,77021686.4,36603874.2,0.0,29096273.98,0.0,142721834.57,0.0,0.0,0.0,0.0,0.0,0.0,0.0,0.0,54583102.95,1346642.91,0.0,55929745.86,0.0,0.0,0.0,0.0,0.0,0.0,0.0,0.0,0.0,0.0,0.0,0.0,0.0,0.0,0.0,0,0.0,0.0,0.0,0.0,0.0,0.0,0.0,2009228.34,198651580.43
2021-07-25 00:19:49,12895200,85361,77022356.95,36604179.06,0.0,29096273.98,0.0,142722809.99,0.0,0.0,0.0,0.0,0.0,0.0,0.0,0.0,54589589.37,1344644.66,0.0,55934234.03,0.0,0.0,0.0,254517.2,0.0,0.0,0.0,254517.2,0.0,0.0,0.0,0.0,0.0,0.0,0.0,0,0.0,0.0,0.0,0.0,0.0,0.0,0.0,2014477.29,198911561.22
2021-07-26 00:19:49,12901680,85338,77023481.76,36633541.22,0.0,29096273.98,0.0,142753296.96,0.0,0.0,0.0,0.0,0.0,0.0,0.0,0.0,54602192.78,1524076.38,0.0,56126269.16,0.0,0.0,0.0,1500232.56,0.0,0.0,0.0,1500232.56,0.0,0.0,0.0,0.0,0.0,0.0,0.0,0,0.0,0.0,0.0,0.0,0.0,0.0,0.0,1991091.51,200379798.68
2021-07-27 00:19:49,12907920,85317,77024510.59,36637824.57,0.0,29096273.98,0.0,142758609.14,0.0,0.0,0.0,0.0,0.0,0.0,0.0,0.0,54613323.04,1542093.15,0.0,56155416.19,0.0,0.0,0.0,3060537.58,0.0,0.0,0.0,3060537.58,0.0,0.0,0.0,0.0,0.0,0.0,0.0,0,0.0,0.0,0.0,0.0,0.0,0.0,0.0,2021400.84,201974562.91
2021-07-28 00:19:49,12914160,85296,77025177.9,36640709.58,0.0,29125506.08,0.0,142791393.55,0.0,0.0,0.0,0.0,0.0,0.0,0.0,0.0,54619495.79,1674373.03,0.0,56293868.82,0.0,0.0,0.0,3060922.15,0.0,0.0,0.0,3060922.15,0.0,0.0,0.0,0.0,0.0,0.0,0.0,0,0.0,0.0,0.0,0.0,0.0,0.0,0.0,2161112.82,202146184.52
2021-07-29 00:19:49,12920881,85275,77026549.98,36665087.86,0.0,34097791.86,0.0,147789429.7,0.0,0.0,0.0,0.0,0.0,0.0,0.0,0.0,54626264.52,1474123.07,0.0,56100387.59,0.0,0.0,0.0,4061744.94,0.0,0.0,0.0,4061744.94,0.0,0.0,0.0,0.0,0.0,0.0,0.0,0,0.0,0.0,0.0,0.0,0.0,0.0,0.0,1993439.73,207951562.24
2021-07-30 00:19:49,12925680,85257,77026981.68,36667001.64,0.0,37081384.56,0.0,150775367.88,0.0,0.0,0.0,0.0,0.0,0.0,0.0,0.0,54630442.17,1505372.53,0.0,56135814.7,0.0,0.0,0.0,4062210.09,0.0,0.0,0.0,4062210.09,0.0,0.0,0.0,0.0,0.0,0.0,0.0,0,0.0,0.0,0.0,0.0,0.0,0.0,0.0,2046214.16,210973392.67
2021-07-31 00:19:49,12935521,85247,77028381.33,36668281.6,0.0,39070327.94,0.0,152766990.87,0.0,0.0,0.0,0.0,0.0,0.0,0.0,0.0,54639106.49,1247534.8,0.0,55886641.29,0.0,0.0,0.0,6063391.2,0.0,0.0,0.0,6063391.2,0.0,0.0,0.0,0.0,0.0,0.0,0.0,0,0.0,0.0,0.0,0.0,0.0,0.0,0.0,1810779.21,214717023.35
2021-08-01 00:19:49,12939840,85237,77028975.49,36673318.9,0.0,39070327.94,0.0,152772622.32,0.0,0.0,0.0,0.0,0.0,0.0,0.0,0.0,54641889.01,1304964.42,0.0,55946853.43,0.0,0.0,0.0,6063871.82,0.0,0.0,0.0,6063871.82,0.0,0.0,0.0,0.0,0.0,0.0,0.0,0,0.0,0.0,0.0,0.0,0.0,0.0,0.0,1872239.89,214783347.58
2021-08-02 00:19:49,12946080,85217,77029984.16,36696640.4,0.0,39070327.94,0.0,152796952.5,0.0,0.0,0.0,0.0,0.0,0.0,0.0,0.0,54646168.58,1290861.07,0.0,55937029.65,0.0,0.0,0.0,6064429.77,0.0,0.0,0.0,6064429.77,0.0,0.0,0.0,0.0,0.0,0.0,0.0,0,0.0,0.0,0.0,0.0,0.0,0.0,0.0,1864272.66,214798411.93
2021-08-03 00:19:49,12952320,85196,77031226.54,36699038.54,0.0,39070327.94,0.0,152800593.02,0.0,0.0,0.0,0.0,0.0,0.0,0.0,0.0,54649427.13,1363232.0,0.0,56012659.13,0.0,0.0,0.0,6065295.61,0.0,0.0,0.0,6065295.61,0.0,0.0,0.0,0.0,0.0,0.0,0.0,0,0.0,0.0,0.0,0.0,0.0,0.0,0.0,1942163.87,214878547.77
2021-08-04 00:19:49,12959040,85176,77032287.07,36702384.86,0.0,39110931.17,0.0,152845603.1,0.0,0.0,0.0,0.0,0.0,0.0,0.0,0.0,54660638.91,1444414.97,0.0,56105053.89,0.0,0.0,0.0,6066373.35,0.0,0.0,0.0,6066373.35,0.0,0.0,0.0,0.0,0.0,0.0,0.0,0,0.0,0.0,0.0,0.0,0.0,0.0,0.0,2037212.7,215017030.35
2021-08-05 00:19:49,12964800,85157,92834828.08,5969973.03,0.0,54028736.34,0.0,152833537.45,0.0,0.0,0.0,0.0,0.0,0.0,0.0,0.0,54664367.42,1450585.02,0.0,56114952.44,0.0,0.0,0.0,6067302.14,0.0,0.0,0.0,6067302.14,0.0,0.0,0.0,0.0,0.0,0.0,0.0,0,0.0,0.0,0.0,0.0,0.0,0.0,0.0,1962427.72,215015792.04
2021-08-06 00:19:49,12971040,85139,92837756.04,5969994.77,0.0,54028736.34,0.0,152836487.15,0.0,0.0,0.0,0.0,0.0,0.0,0.0,0.0,54670452.71,1527139.08,0.0,56197591.79,0.0,0.0,0.0,6068590.39,0.0,0.0,0.0,6068590.39,0.0,0.0,0.0,0.0,0.0,0.0,0.0,0,0.0,0.0,0.0,0.0,0.0,0.0,0.0,2048513.22,215102669.33
2021-08-07 00:19:49,12978240,85118,92838479.21,5969994.77,0.0,54028736.34,0.0,152837210.32,0.0,0.0,0.0,0.0,0.0,0.0,0.0,0.0,54684665.44,1500959.78,0.0,56185625.22,0.0,0.0,0.0,6069957.71,0.0,0.0,0.0,6069957.71,0.0,0.0,0.0,0.0,0.0,0.0,0.0,0,0.0,0.0,0.0,0.0,0.0,0.0,0.0,2038752.23,215092793.25
2021-08-08 00:19:49,12984720,85098,92839161.23,5974687.93,0.0,54028736.34,0.0,152842585.51,0.0,0.0,0.0,0.0,0.0,0.0,0.0,0.0,54691766.81,1535913.25,0.0,56227680.06,0.0,0.0,0.0,6070895.24,0.0,0.0,0.0,6070895.24,0.0,0.0,0.0,0.0,0.0,0.0,0.0,0,0.0,0.0,0.0,0.0,0.0,0.0,0.0,2082380.79,215141160.81
2021-08-09 00:19:49,12990480,85077,92839427.84,5974687.93,0.0,54028736.34,0.0,152842852.11,0.0,0.0,0.0,0.0,0.0,0.0,0.0,0.0,54697894.22,1495455.96,0.0,56193350.18,0.0,0.0,0.0,6071774.74,0.0,0.0,0.0,6071774.74,0.0,0.0,0.0,0.0,0.0,0.0,0.0,0,0.0,0.0,0.0,0.0,0.0,0.0,0.0,2049310.06,215107977.03
2021-08-10 00:19:49,12998880,85058,0.0,0.0,0.0,0.0,0.0,0.0,0.0,0.0,0.0,0.0,0.0,0.0,0.0,0.0,54708375.15,1430577.14,0.0,56138952.3,0.0,0.0,0.0,6073339.51,0.0,0.0,0.0,6073339.51,0.0,0.0,0.0,0.0,0.0,0.0,0.0,0,0.0,0.0,0.0,0.0,0.0,0.0,0.0,1964647.0,62212291.8
2021-08-11 00:19:49,13003680,85041,98838077.98,0.0,0.0,54028736.34,0.0,152866814.32,0.0,0.0,0.0,0.0,0.0,0.0,0.0,0.0,54714524.54,1348680.29,0.0,56063204.83,0.0,0.0,0.0,6074232.73,0.0,0.0,0.0,6074232.73,0.0,0.0,0.0,0.0,0.0,0.0,0.0,0,0.0,0.0,0.0,0.0,0.0,0.0,0.0,1890206.06,215004251.88
2021-08-12 00:19:49,13008480,85030,98838339.98,0.0,0.0,54028736.34,0.0,152867076.32,0.0,0.0,0.0,0.0,0.0,0.0,0.0,0.0,54722854.44,1370120.68,0.0,56092975.12,0.0,0.0,0.0,6075170.48,0.0,0.0,0.0,6075170.48,0.0,0.0,0.0,0.0,0.0,0.0,0.0,0,0.0,0.0,0.0,0.0,0.0,0.0,0.0,1921274.41,215035221.92
2021-08-13 00:19:49,13017840,85020,98839236.75,1.0,0.0,54028736.34,0.0,152867974.1,0.0,0.0,0.0,0.0,0.0,0.0,0.0,0.0,54731453.15,1370949.31,0.0,56102402.46,0.0,0.0,0.0,6077142.42,0.0,0.0,0.0,6077142.42,0.0,0.0,0.0,0.0,0.0,0.0,0.0,0,0.0,0.0,0.0,0.0,0.0,0.0,0.0,1929830.08,215047518.97
2021-08-14 00:19:49,13021920,85006,98839532.97,1.0,0.0,54028736.34,0.0,152868270.31,0.0,0.0,0.0,0.0,0.0,0.0,0.0,0.0,54735225.33,1275513.47,0.0,56010738.8,0.0,0.0,0.0,6077988.82,0.0,0.0,0.0,6077988.82,0.0,0.0,0.0,0.0,0.0,0.0,0.0,0,0.0,0.0,0.0,0.0,0.0,0.0,0.0,1839347.27,214956997.94
2021-08-15 00:19:49,13032000,84988,103840147.78,1.0,0.0,54028736.34,0.0,157868885.13,0.0,0.0,0.0,0.0,0.0,0.0,0.0,0.0,54747106.26,1203644.04,0.0,55950750.31,0.0,1003820.43,0.0,6979365.66,0.0,0.0,0.0,7983186.09,0.0,0.0,0.0,0.0,0.0,0.0,0.0,0,0.0,0.0,0.0,0.0,0.0,0.0,0.0,1785847.14,221802821.52
2021-08-16 00:19:49,13035301,84949,103841042.94,1.0,0.0,54028736.34,0.0,157869780.28,0.0,0.0,0.0,0.0,0.0,0.0,0.0,0.0,54749495.9,1215738.8,0.0,55965234.7,0.0,1003819.89,0.0,6979895.52,0.0,0.0,0.0,7983715.41,0.0,0.0,0.0,0.0,0.0,0.0,0.0,0,0.0,0.0,0.0,0.0,0.0,0.0,0.0,1800599.31,221818730.39
2021-08-17 00:19:49,13041461,84899,103843278.98,1.0,0.0,54028736.34,0.0,157872016.32,0.0,0.0,0.0,0.0,0.0,0.0,0.0,0.0,54758630.94,1123568.15,0.0,55882199.09,0.0,1003820.33,0.0,6980914.87,0.0,0.0,0.0,7984735.21,0.0,0.0,0.0,0.0,0.0,0.0,0.0,0,0.0,0.0,0.0,0.0,0.0,0.0,0.0,1719987.86,221738950.62
2021-08-18 00:19:49,13050000,84857,103843978.45,1.0,0.0,54184852.08,0.0,158028831.53,0.0,0.0,0.0,0.0,0.0,0.0,0.0,0.0,54770755.05,1092848.98,0.0,55863604.02,0.0,1003820.94,0.0,6982183.66,0.0,0.0,0.0,7986004.6,0.0,0.0,0.0,0.0,0.0,0.0,0.0,0,0.0,0.0,0.0,0.0,0.0,0.0,0.0,1704193.19,221878440.16
2021-08-19 00:19:49,13055280,84823,103845050.54,1.0,0.0,54184852.08,0.0,158029903.62,0.0,0.0,0.0,0.0,0.0,0.0,0.0,0.0,54772549.97,1198770.99,0.0,55971320.97,0.0,1003820.52,0.0,6982872.03,0.0,0.0,0.0,7986692.55,0.0,0.0,0.0,0.0,0.0,0.0,0.0,0,0.0,0.0,0.0,0.0,0.0,0.0,0.0,1813317.65,221987917.14
2021-08-20 00:19:49,13062720,84792,108848026.46,1.0,0.0,54184852.08,0.0,163032879.54,0.0,0.0,0.0,0.0,0.0,0.0,0.0,0.0,54776838.22,1259763.19,0.0,56036601.41,0.0,1003835.21,0.0,6984315.32,0.0,0.0,0.0,7988150.53,0.0,0.0,0.0,0.0,0.0,0.0,0.0,0,0.0,0.0,0.0,0.0,0.0,0.0,0.0,1882685.99,227057631.48
2021-08-21 00:19:49,13068000,84754,121848238.56,1.0,0.0,54184852.08,0.0,176033091.64,0.0,0.0,0.0,0.0,0.0,0.0,0.0,0.0,54788371.06,1201636.09,0.0,55990007.14,0.0,1003837.73,0.0,6985389.41,0.0,0.0,0.0,7989227.14,0.0,0.0,0.0,0.0,0.0,0.0,0.0,0,0.0,0.0,0.0,0.0,0.0,0.0,0.0,1837293.14,240012325.93
2021-08-22 00:19:49,13075867,84700,121850841.71,1.0,0.0,54184852.08,0.0,176035694.8,0.0,0.0,0.0,0.0,0.0,0.0,0.0,0.0,54798005.26,1204957.63,0.0,56002962.88,0.0,1003846.23,0.0,6986956.27,0.0,0.0,0.0,7990802.5,0.0,0.0,0.0,0.0,0.0,0.0,0.0,0,0.0,0.0,0.0,0.0,0.0,0.0,0.0,1853213.26,240029460.18
2021-08-23 00:19:49,13080960,84643,121851643.45,1.0,0.0,54184852.08,0.0,176036496.54,0.0,0.0,0.0,0.0,0.0,0.0,0.0,0.0,54808087.82,1294883.05,0.0,56102970.87,0.0,1003843.86,0.0,7988052.98,0.0,0.0,0.0,8991896.84,0.0,0.0,0.0,0.0,0.0,0.0,0.0,0,0.0,0.0,0.0,0.0,0.0,0.0,0.0,1954957.96,241131364.25
2021-08-24 00:19:49,13088160,84596,121853324.78,1.0,0.0,54184852.08,0.0,176038177.87,0.0,0.0,0.0,0.0,0.0,0.0,0.0,0.0,54824790.65,1432513.81,0.0,56257304.46,0.0,1003847.5,0.0,7990132.11,0.0,0.0,0.0,8993979.61,0.0,0.0,0.0,0.0,0.0,0.0,0.0,0,0.0,0.0,0.0,0.0,0.0,0.0,0.0,2112333.63,241289461.94
2021-08-25 00:19:49,13094813,84544,121854084.16,1.0,0.0,54184852.08,0.0,176038937.25,0.0,0.0,0.0,0.0,0.0,0.0,0.0,0.0,54831207.71,1352970.92,0.0,56184178.63,0.0,1003846.84,0.0,7992582.59,0.0,0.0,0.0,8996429.43,0.0,0.0,0.0,0.0,0.0,0.0,0.0,0,0.0,0.0,0.0,0.0,0.0,0.0,0.0,2042062.72,241219545.31
2021-08-26 00:19:49,13099581,84508,121855164.88,1.0,0.0,54184852.08,0.0,176040017.96,0.0,0.0,0.0,0.0,0.0,0.0,0.0,0.0,54838621.9,1422660.11,0.0,56261282.02,0.0,1003846.48,0.0,9997129.76,0.0,0.0,0.0,11000976.24,0.0,0.0,0.0,0.0,0.0,0.0,0.0,0,0.0,0.0,0.0,0.0,0.0,0.0,0.0,2124281.38,243302276.21
2021-08-27 00:19:49,13107724,84487,121858802.01,1.0,0.0,54184852.08,0.0,176043655.09,0.0,0.0,0.0,0.0,0.0,0.0,0.0,0.0,54847244.06,1503135.14,0.0,56350379.19,0.0,1003849.74,0.0,9999261.5,0.0,0.0,0.0,11003111.24,0.0,0.0,0.0,0.0,0.0,0.0,0.0,0,0.0,0.0,0.0,0.0,0.0,0.0,0.0,2217350.68,243397145.53
2021-08-28 00:19:49,13112160,84470,121859578.88,1.0,0.0,54184852.08,0.0,176044431.96,0.0,0.0,0.0,0.0,0.0,0.0,0.0,0.0,54850835.95,1542194.06,0.0,56393030.01,0.0,1003845.0,0.0,11000711.0,0.0,0.0,0.0,12004556.0,0.0,0.0,0.0,0.0,0.0,0.0,0.0,0,0.0,0.0,0.0,0.0,0.0,0.0,0.0,2261981.84,244442017.98
2021-08-29 00:19:49,13121280,84453,121859272.02,1.0,0.0,54184852.08,0.0,176044125.11,0.0,0.0,0.0,0.0,0.0,0.0,0.0,0.0,54863888.56,1554891.58,0.0,56418780.14,0.0,1003845.2,0.0,11006727.25,0.0,0.0,0.0,12010572.45,0.0,0.0,0.0,0.0,0.0,0.0,0.0,0,0.0,0.0,0.0,0.0,0.0,0.0,0.0,2293842.54,244473477.7
2021-08-30 00:19:49,13129318,84435,121860377.7,1.0,0.0,54184852.08,0.0,176045230.79,0.0,0.0,0.0,0.0,0.0,0.0,0.0,0.0,54872548.15,1559474.58,0.0,56432022.73,0.0,1003842.88,0.0,11013906.72,0.0,0.0,0.0,12017749.6,0.0,0.0,0.0,0.0,0.0,0.0,0.0,0,0.0,0.0,0.0,0.0,0.0,0.0,0.0,2315086.23,244495003.12
2021-08-31 00:19:49,13133040,84406,126818926.63,1.0,0.0,54184852.08,0.0,181003779.71,0.0,0.0,0.0,0.0,0.0,0.0,0.0,0.0,54875330.66,1475066.8,0.0,56350397.46,0.0,1003846.79,0.0,11017495.01,0.0,0.0,0.0,12021341.8,0.0,0.0,0.0,0.0,0.0,0.0,0.0,0,0.0,0.0,0.0,0.0,0.0,0.0,0.0,2237026.4,249375518.97
2021-09-01 00:19:49,13141139,84373,126821795.8,1.0,0.0,54184852.08,0.0,181006648.89,0.0,0.0,0.0,0.0,0.0,0.0,0.0,0.0,54891382.48,1466873.56,0.0,56358256.04,0.0,1003841.92,0.0,12026216.18,0.0,0.0,0.0,13030058.1,0.0,0.0,0.0,0.0,0.0,0.0,0.0,0,0.0,0.0,0.0,0.0,0.0,0.0,0.0,2255395.69,250394963.03
2021-09-02 00:19:49,13144561,84346,126822070.02,1.0,0.0,54184852.08,0.0,181006923.1,0.0,0.0,0.0,0.0,0.0,0.0,0.0,0.0,54898402.66,1508943.34,0.0,56407346.0,0.0,1003841.92,0.0,12029004.12,0.0,0.0,0.0,13032846.04,0.0,0.0,0.0,0.0,0.0,0.0,0.0,0,0.0,0.0,0.0,0.0,0.0,0.0,0.0,2307519.54,250447115.15
2021-09-03 00:19:49,13153920,84318,126824113.92,1.0,0.0,54184852.08,0.0,181008967.0,0.0,0.0,0.0,0.0,0.0,0.0,0.0,0.0,54912542.88,1577467.42,0.0,56490010.3,0.0,1003839.65,0.0,12042116.66,0.0,0.0,0.0,13045956.31,0.0,0.0,0.0,0.0,0.0,0.0,0.0,0,0.0,0.0,0.0,0.0,0.0,0.0,0.0,2404366.44,250544933.61
2021-09-04 00:19:49,13159341,84292,126824986.86,1.0,0.0,54184852.08,0.0,181009839.94,0.0,0.0,0.0,0.0,0.0,0.0,0.0,0.0,54918938.58,1554876.28,0.0,56473814.87,0.0,1003849.04,0.0,12052644.97,0.0,0.0,0.0,13056494.01,0.0,0.0,0.0,0.0,0.0,0.0,0.0,0,0.0,0.0,0.0,0.0,0.0,0.0,0.0,2399337.35,250540148.82
2021-09-05 00:19:49,13166160,84266,126826245.31,1.0,0.0,54184852.08,0.0,181011098.39,0.0,0.0,0.0,0.0,0.0,0.0,0.0,0.0,54925726.52,1631005.38,0.0,56556731.9,0.0,1003833.15,0.0,12057332.77,0.0,0.0,0.0,13061165.92,0.0,0.0,0.0,0.0,0.0,0.0,0.0,0,0.0,0.0,0.0,0.0,0.0,0.0,0.0,2487856.53,250628996.21
2021-09-06 00:19:49,13172640,84241,126826162.3,1.0,0.0,54184852.08,0.0,181011015.38,0.0,0.0,0.0,0.0,0.0,0.0,0.0,0.0,54934005.53,1679432.37,0.0,56613437.9,0.0,1003847.13,0.0,12060678.78,0.0,0.0,0.0,13064525.91,0.0,0.0,0.0,0.0,0.0,0.0,0.0,0,0.0,0.0,0.0,0.0,0.0,0.0,0.0,2547970.34,250688979.19
2021-09-07 00:19:49,13178478,84216,126827022.51,1.0,0.0,54184852.08,0.0,181011875.59,0.0,0.0,0.0,0.0,0.0,0.0,0.0,0.0,54948758.03,1803532.44,0.0,56752290.47,0.0,1003850.0,0.0,12065852.71,0.0,0.0,0.0,13069702.7,0.0,0.0,0.0,0.0,0.0,0.0,0.0,0,0.0,0.0,0.0,0.0,0.0,0.0,0.0,2692193.75,250833868.76
2021-09-08 00:19:49,13185120,84192,126830464.59,1.0,0.0,54584959.61,0.0,181415425.2,0.0,0.0,0.0,0.0,0.0,0.0,0.0,0.0,54956893.39,1771028.66,0.0,56727922.05,0.0,1003961.43,0.0,12074369.82,0.0,0.0,0.0,13078331.25,0.0,0.0,0.0,0.0,0.0,0.0,0.0,0,0.0,0.0,0.0,0.0,0.0,0.0,0.0,2679960.47,251221678.5
2021-09-09 00:19:49,13191360,84169,126830884.9,1.0,0.0,54584959.61,0.0,181415845.51,0.0,0.0,0.0,0.0,0.0,0.0,0.0,0.0,54960829.73,1929888.56,0.0,56890718.3,0.0,1003965.15,0.0,14078959.55,0.0,0.0,0.0,15082924.7,0.0,0.0,0.0,0.0,0.0,0.0,0.0,0,0.0,0.0,0.0,0.0,0.0,0.0,0.0,2847716.23,253389488.51
2021-09-10 00:19:49,13199521,84153,126831393.09,1.0,0.0,54584959.61,0.0,181416353.7,0.0,0.0,0.0,0.0,0.0,0.0,0.0,0.0,54968781.15,2113579.87,0.0,57082361.01,0.0,1003982.57,0.0,14083420.34,0.0,0.0,0.0,15087402.91,0.0,0.0,0.0,0.0,0.0,0.0,0.0,0,0.0,0.0,0.0,0.0,0.0,0.0,0.0,3043981.22,253586117.63
2021-09-11 00:19:49,13203600,84134,126832075.44,1.0,0.0,54584959.61,0.0,181417036.05,0.0,0.0,0.0,0.0,0.0,0.0,0.0,0.0,54975089.87,2087768.5,0.0,57062858.37,0.0,1003993.26,0.0,14086495.21,0.0,0.0,0.0,15090488.46,0.0,0.0,0.0,0.0,0.0,0.0,0.0,0,0.0,0.0,0.0,0.0,0.0,0.0,0.0,3027973.11,253570382.88
2021-09-12 00:19:49,13210320,84102,126832674.99,1.0,0.0,54584959.61,0.0,181417635.6,0.0,0.0,0.0,0.0,0.0,0.0,0.0,0.0,54980911.25,2199535.19,0.0,57180446.44,0.0,1004000.3,0.0,14092581.04,0.0,0.0,0.0,15096581.34,0.0,0.0,0.0,0.0,0.0,0.0,0.0,0,0.0,0.0,0.0,0.0,0.0,0.0,0.0,3152471.06,253694663.39
2021-09-13 00:19:49,13217745,84069,136805015.92,1.0,9297715.4,54584959.61,0.0,200687691.93,0.0,0.0,0.0,0.0,0.0,0.0,0.0,0.0,54987192.65,2320351.79,0.0,57307544.43,0.0,1004003.63,0.0,14105797.91,0.0,0.0,0.0,15109801.54,0.0,0.0,0.0,0.0,0.0,0.0,0.0,0,0.0,0.0,0.0,0.0,14419374.65,0.0,14419374.65,3291768.77,287524412.55
2021-09-14 00:19:49,13224720,84040,136805987.95,1.0,9297845.91,54584959.61,0.0,200688794.46,0.0,0.0,0.0,0.0,0.0,0.0,0.0,0.0,54993035.59,2262018.33,0.0,57255053.92,0.0,1003997.84,0.0,14116779.76,0.0,0.0,0.0,15120777.61,0.0,0.0,0.0,0.0,0.0,0.0,0.0,0,0.0,0.0,0.0,0.0,14419374.65,0.0,14419374.65,3250340.09,287484000.64
2021-09-15 00:19:49,13230720,84012,136807788.45,1.0,9298056.55,54584959.61,0.0,200690805.61,0.0,0.0,0.0,0.0,0.0,0.0,0.0,0.0,54999257.08,2473152.73,0.0,57472409.82,0.0,1003995.66,0.0,14130425.81,0.0,0.0,0.0,15134421.47,0.0,0.0,0.0,0.0,0.0,0.0,0.0,0,0.0,0.0,0.0,0.0,14419374.65,0.0,14419374.65,3482653.18,287717011.55
2021-09-16 00:19:49,13236240,83985,136808983.09,1.0,9298190.03,54584959.61,0.0,200692133.73,0.0,0.0,0.0,0.0,0.0,0.0,0.0,0.0,55003875.66,2502298.86,0.0,57506174.52,5600100.77,1004000.78,0.0,14141986.1,0.0,0.0,0.0,20746087.65,0.0,0.0,0.0,0.0,0.0,0.0,0.0,0,0.0,0.0,0.0,0.0,14419374.65,0.0,14419374.65,3519263.76,293363770.55
2021-09-17 00:19:49,13243680,83959,136810780.54,1.0,9298328.43,54584959.61,0.0,200694069.58,0.0,0.0,0.0,0.0,0.0,0.0,0.0,0.0,55012992.05,2725209.36,0.0,57738201.41,5600117.52,1003992.98,0.0,14155095.55,0.0,0.0,0.0,20759206.04,0.0,0.0,0.0,0.0,0.0,0.0,0.0,0,0.0,0.0,0.0,0.0,14419374.65,0.0,14419374.65,3763668.94,293610851.67
2021-09-18 00:19:49,13249680,83935,136811059.84,1.0,9298386.46,54584959.61,0.0,200694406.91,0.0,0.0,0.0,0.0,0.0,0.0,0.0,0.0,55017822.63,2857102.22,0.0,57874924.85,5600151.36,1004068.95,0.0,14163662.26,0.0,0.0,0.0,20767882.56,0.0,0.0,0.0,0.0,0.0,0.0,0.0,0,0.0,0.0,0.0,0.0,14419374.65,0.0,14419374.65,3907157.06,293756588.97
2021-09-19 00:19:49,13258542,83901,136811759.49,1.0,9298506.78,54584959.61,0.0,200695226.88,0.0,0.0,0.0,0.0,0.0,0.0,0.0,0.0,55026249.99,3115650.8,0.0,58141900.79,5600200.73,1004066.09,0.0,24178146.32,0.0,0.0,0.0,30782413.13,0.0,0.0,0.0,0.0,0.0,0.0,0.0,0,0.0,0.0,0.0,0.0,14419374.65,0.0,14419374.65,4189042.93,304038915.46
2021-09-20 00:19:49,13262234,83852,136812869.98,1.0,9298595.46,54584959.61,0.0,200696426.05,0.0,0.0,0.0,0.0,0.0,0.0,0.0,0.0,55030051.02,2790929.94,0.0,57820980.96,5600221.81,1004063.82,0.0,24184198.7,0.0,0.0,0.0,30788484.33,0.0,0.0,0.0,0.0,0.0,0.0,0.0,0,0.0,0.0,0.0,0.0,14419374.65,0.0,14419374.65,3874242.41,303725265.99
2021-09-21 00:19:49,13269120,83803,136813889.19,1.0,9298733.95,54584959.61,0.0,200697583.75,0.0,0.0,0.0,0.0,0.0,0.0,0.0,0.0,55035545.09,3061550.93,0.0,58097096.02,5600258.1,1004079.48,0.0,24195175.63,0.0,0.0,0.0,30799513.2,0.0,0.0,0.0,0.0,0.0,0.0,0.0,0,0.0,0.0,0.0,0.0,14419374.65,0.0,14419374.65,4161995.5,304013567.62
2021-09-22 00:19:49,13275190,83756,136814910.71,1.0,9298889.36,54584959.61,0.0,200698760.67,0.0,0.0,0.0,0.0,0.0,0.0,0.0,0.0,55051852.44,3311182.03,0.0,58363034.47,5600288.03,1004092.73,0.0,24202609.29,0.0,0.0,0.0,30806990.06,0.0,0.0,0.0,0.0,0.0,0.0,0.0,0,0.0,0.0,0.0,0.0,14419374.65,0.0,14419374.65,4435878.87,304288159.85
2021-09-23 00:19:49,13281840,83707,136816135.75,1.0,9299034.78,54584959.61,0.0,200700131.13,0.0,0.0,0.0,0.0,0.0,0.0,0.0,0.0,55057884.23,3714805.21,0.0,58772689.44,5600327.24,1004090.48,0.0,24212149.24,0.0,0.0,0.0,30816566.96,0.0,0.0,0.0,0.0,0.0,0.0,0.0,0,0.0,0.0,0.0,0.0,14419374.65,0.0,14419374.65,4856172.66,304708762.18
2021-09-24 00:19:49,13288427,83660,136817256.08,1.0,9299126.13,54584959.61,0.0,200701342.82,0.0,0.0,0.0,0.0,0.0,0.0,0.0,0.0,55063259.06,3258379.43,0.0,58321638.49,5600392.17,1004093.5,0.0,24222466.59,0.0,0.0,0.0,30826952.26,0.0,0.0,0.0,0.0,0.0,0.0,0.0,0,0.0,0.0,0.0,0.0,14419374.65,0.0,14419374.65,4415744.38,304269308.21
2021-09-25 00:19:49,13294980,83586,136819598.74,1.0,9299307.4,54584959.61,0.0,200703866.75,0.0,0.0,0.0,0.0,0.0,0.0,0.0,0.0,55069894.82,3640759.81,0.0,58710654.63,5600501.82,1004095.0,0.0,24233544.54,0.0,0.0,0.0,30838141.37,0.0,0.0,0.0,0.0,0.0,0.0,0.0,0,0.0,0.0,0.0,0.0,14419374.65,0.0,14419374.65,4817460.35,304672037.39
2021-09-26 00:19:49,13301812,82550,136820720.13,1.0,9299517.61,54584959.61,0.0,200705198.35,0.0,0.0,0.0,0.0,0.0,0.0,0.0,0.0,55076287.21,3161935.86,0.0,58238223.07,5600625.34,1004112.61,0.0,24245778.3,0.0,0.0,0.0,30850516.25,0.0,0.0,0.0,0.0,0.0,0.0,0.0,0,0.0,0.0,0.0,0.0,14419374.65,0.0,14419374.65,4358731.96,304213312.32
2021-09-27 00:19:49,13307626,81539,136822527.42,1.0,9299616.64,54584959.61,0.0,200707104.66,0.0,0.0,0.0,0.0,0.0,0.0,0.0,0.0,55080547.29,3610863.62,0.0,58691410.91,5600730.54,1004119.17,0.0,24255037.31,0.0,0.0,0.0,30859887.03,0.0,0.0,0.0,0.0,0.0,0.0,0.0,0,0.0,0.0,0.0,0.0,14419374.65,0.0,14419374.65,4815763.56,304677777.25
2021-09-28 00:19:49,13314480,81499,146821890.0,1.0,9299691.13,54584959.61,0.0,210706541.74,0.0,0.0,0.0,0.0,0.0,0.0,0.0,0.0,55090617.9,3858101.52,0.0,58948719.43,5600856.1,1004119.06,0.0,24263895.73,0.0,0.0,0.0,30868870.89,0.0,0.0,0.0,0.0,0.0,0.0,0.0,0,0.0,0.0,0.0,0.0,14419374.65,0.0,14419374.65,5082625.9,314943506.7
2021-09-29 00:19:49,13320721,81479,146822553.76,1.0,9299793.89,54584959.61,0.0,210707308.26,0.0,0.0,0.0,0.0,0.0,0.0,0.0,0.0,55096172.5,3993879.08,0.0,59090051.58,5600972.06,1004171.03,0.0,24277456.89,0.0,0.0,0.0,30882599.98,0.0,0.0,0.0,0.0,0.0,0.0,0.0,0,0.0,0.0,0.0,0.0,14419374.65,0.0,14419374.65,5238275.86,315099334.46
2021-09-30 00:19:49,13326960,81460,146825237.21,1.0,9299913.71,54584959.61,0.0,210710111.53,0.0,0.0,0.0,0.0,0.0,0.0,0.0,0.0,55100456.72,4305841.6,0.0,59406298.32,5601253.19,1004165.46,0.0,24293906.6,0.0,0.0,0.0,30899325.26,0.0,0.0,0.0,0.0,0.0,0.0,0.0,0,0.0,0.0,0.0,0.0,14419374.65,0.0,14419374.65,5572598.77,315435109.76
2021-10-01 00:19:49,13333440,81441,146825602.94,1.0,9300081.06,54584959.61,0.0,210710644.61,0.0,0.0,0.0,0.0,0.0,0.0,0.0,0.0,55102339.74,4628979.6,0.0,59731319.35,5601568.34,1004166.93,0.0,24309589.09,0.0,0.0,0.0,30915324.36,0.0,0.0,0.0,0.0,0.0,0.0,0.0,0,0.0,0.0,0.0,0.0,14419374.65,0.0,14419374.65,5914290.61,315776662.97
2021-10-02 00:19:49,13340640,81419,146826629.75,1.0,9300323.05,54584959.61,0.0,210711913.41,0.0,0.0,0.0,0.0,0.0,0.0,0.0,0.0,55106821.15,4772643.93,0.0,59879465.08,5601920.76,1004162.44,0.0,24321182.96,0.0,0.0,0.0,30927266.16,0.0,0.0,0.0,0.0,0.0,0.0,0.0,0,0.0,0.0,0.0,0.0,14419374.65,0.0,14419374.65,6075435.75,315938019.3
2021-10-03 00:19:49,13344090,81386,146827897.77,1.0,9300351.64,54584959.61,0.0,210713210.01,0.0,0.0,0.0,0.0,0.0,0.0,0.0,0.0,55108371.23,4758711.44,0.0,59867082.67,7602069.59,1004234.22,0.0,24328001.23,0.0,0.0,0.0,32934305.04,0.0,0.0,0.0,0.0,0.0,0.0,0.0,0,0.0,0.0,0.0,0.0,14419374.65,0.0,14419374.65,6070729.56,317933972.37
2021-10-04 00:19:49,13351523,81357,146829179.62,1.0,9300445.72,54584959.61,0.0,210714585.96,0.0,0.0,0.0,0.0,0.0,0.0,0.0,0.0,55111289.77,5471758.02,0.0,60583047.79,7602448.0,1004230.78,0.0,24347421.82,0.0,0.0,0.0,32954100.6,0.0,0.0,0.0,0.0,0.0,0.0,0.0,0,0.0,0.0,0.0,0.0,14419374.65,0.0,14419374.65,6807305.72,318671109.0
2021-10-05 00:19:49,13360560,81336,146830986.29,1.0,15212544.85,54584959.61,299711.38,216965046.28,0.0,0.0,0.0,0.0,0.0,0.0,0.0,0.0,55115225.36,5607866.44,5398076.59,61649395.28,7604119.61,1004233.86,0.0,24373812.65,0.0,0.0,422166.12,32982166.12,0.0,10.17,0.0,11.45,0.0,0.0,7.1,0,0.0,0.0,6.1,0.0,14419374.65,24957.28,14419409.47,6976512.91,326016017.16
2021-10-06 00:19:49,13365360,81309,146831856.51,1.0,15212625.47,54584959.61,300117.5,216966322.63,0.0,0.0,0.0,0.0,0.0,0.0,0.0,0.0,55118752.72,5661991.09,10958375.31,67213221.36,7604485.42,1004233.86,0.0,24384730.72,0.0,0.0,433450.0,32993450.0,0.0,10.17,0.0,11.45,0.0,0.0,7.1,0,0.0,0.0,6.1,0.0,14419374.65,24957.28,14419409.47,13478415.09,331592403.46
2021-10-07 00:19:49,13369682,81289,146832886.51,1.0,15212795.1,54584959.61,300672.4,216967907.52,0.0,0.0,0.0,0.0,0.0,0.0,0.0,0.0,55121092.26,5005455.18,10040837.08,66298022.67,17604783.34,1004226.81,0.0,24400055.79,0.0,0.0,449065.94,43009065.94,0.0,10.17,0.0,11.58,0.0,0.0,696608.36,0,0.0,0.0,997230.2,0.0,14419374.65,64913.61,16113234.96,12619559.84,342388231.09
2021-10-08 00:19:49,13380478,81277,156833656.77,1.0,15213151.44,54584959.61,301891.49,226969896.87,0.0,0.0,0.0,0.0,0.0,0.0,0.0,0.0,55129983.68,5561989.02,10716662.05,66982739.06,17605394.46,1004229.07,0.0,24429191.91,0.0,0.0,478815.44,43038815.44,0.0,967260.18,0.0,975932.67,0.0,0.0,716464.56,0,0.0,0.0,1016423.98,0.0,14419374.65,65454.1,18095456.03,13336173.83,355086907.4
2021-10-09 00:19:49,13383488,81251,156834003.74,1.0,15213305.84,54584959.61,302167.4,226970519.75,0.0,0.0,0.0,0.0,0.0,0.0,0.0,0.0,55135479.63,5724170.79,10792584.16,67064157.12,17605522.46,1004229.38,0.0,34439056.38,0.0,0.0,488808.22,53048808.22,0.0,967260.18,0.0,1045892.17,0.0,0.0,845353.07,0,0.0,0.0,1139508.44,0.0,14419374.65,67458.25,18417388.5,13429942.51,365500873.59
2021-10-10 00:19:49,13389292,81222,156834658.1,1.0,15213413.69,54584959.61,302504.41,226971511.11,0.0,0.0,0.0,0.0,0.0,0.0,0.0,0.0,55137313.61,6338134.18,12051016.71,68324423.65,17605775.32,1004376.69,0.0,34455039.88,0.0,0.0,505191.89,53065191.89,0.0,967260.18,0.0,1060191.45,0.0,0.0,806156.11,0,0.0,0.0,1101590.14,0.0,14419374.65,66362.32,18354572.53,14706000.56,366715699.18
2021-10-11 00:19:49,13397688,81203,156835769.57,1.0,15213554.93,54584959.61,303034.88,226973153.07,0.0,0.0,0.0,0.0,0.0,0.0,0.0,0.0,55140221.89,7271523.57,14360192.08,70636507.31,17606141.85,1004389.89,0.0,34480965.63,0.0,0.0,531497.37,53091497.37,0.0,967260.18,0.0,1064724.18,0.0,0.0,809018.36,0,0.0,0.0,9368022.64,0.0,14419374.65,60941.01,26628400.0,17039678.1,377329557.75
2021-10-12 00:19:49,13403555,81180,156836999.97,1.0,15213652.08,54584959.61,303562.91,226974911.49,0.0,0.0,0.0,0.0,0.0,0.0,0.0,0.0,55142305.84,7376519.5,13821596.27,70099995.44,17606383.08,1004389.89,0.0,34503920.75,2000023.57,0.0,554717.29,55114717.29,0.0,967260.18,0.0,1143792.74,0.0,0.0,891192.1,0,0.0,0.0,9599400.44,0.0,14419374.65,36088.53,27021020.1,16502031.01,379210644.33
2021-10-13 00:19:49,13409354,81154,156838039.53,1.0,15213723.91,54584959.61,303998.8,226976386.95,0.0,0.0,0.0,0.0,0.0,0.0,0.0,0.0,55144654.45,8213115.87,15610418.74,71891166.52,17606657.46,1004389.89,0.0,34533975.27,2000110.06,0.0,585132.69,55145132.69,0.0,967260.18,0.0,1197660.13,0.0,0.0,948941.02,0,1202525.04,0.0,9755226.84,0.0,14419374.65,-1656.63,28490987.85,18286578.6,382503674.01
2021-10-14 00:19:49,13416188,81129,156839250.68,1.0,15213851.23,54584959.61,304550.26,226978149.55,0.0,0.0,0.0,0.0,0.0,0.0,0.0,0.0,55152818.42,8456160.64,17073145.51,73362057.26,17607048.07,1004389.89,0.0,49565728.45,2000258.91,0.0,617425.32,70177425.32,0.0,967260.18,0.0,1157018.14,0.0,0.0,906023.18,0,1642306.35,0.0,9638858.51,0.0,14419374.65,24678.6,28730840.99,19817034.57,399248473.12
2021-10-15 00:19:49,13422507,81105,156841498.89,1.0,15214094.95,54584959.61,305581.3,226981428.81,0.0,0.0,0.0,0.0,0.0,0.0,0.0,0.0,55163592.2,6935146.01,14372381.41,70672066.94,17607447.43,1004389.89,0.0,49594115.96,3000603.69,0.0,646556.98,71206556.98,0.0,967260.18,0.0,1144506.19,0.0,0.0,3996861.6,0,1613342.38,0.0,9602451.95,0.0,14419374.65,31072.6,31743796.94,17163739.44,400603849.66
2021-10-16 00:19:49,13428907,81080,166841800.54,1.0,15214300.82,54584959.61,306446.82,236982595.97,0.0,0.0,0.0,0.0,0.0,0.0,0.0,0.0,55172691.61,7195016.49,14490340.72,70799125.67,17607855.82,1004389.89,0.0,49612712.65,3000888.89,0.0,665847.26,71225847.26,0.0,967260.18,0.0,6351505.63,0.0,0.0,3914868.12,0,1556657.88,0.0,9529903.09,0.0,14419374.65,41284.17,36739569.54,17321586.08,415747138.43
2021-10-17 00:19:49,13435297,81056,166842732.53,1.0,15214359.3,64520770.4,369035.59,246981927.52,0.0,0.0,0.0,0.0,0.0,0.0,0.0,0.0,55182619.02,6467097.56,14471810.38,70790522.74,17608323.89,1004389.89,0.0,49632207.72,3001696.0,0.0,686617.5,71246617.5,0.0,967260.18,0.0,6392288.68,0.0,0.0,3955634.21,0,1585180.19,0.0,9566534.63,0.0,14419374.65,35970.13,36886272.53,17391223.08,425905340.29
2021-10-18 00:19:49,13441426,81032,166843467.16,1.0,15214435.9,64520770.4,369398.07,246983024.63,0.0,0.0,0.0,0.0,0.0,0.0,0.0,0.0,55194120.91,5807672.03,14266096.98,70596311.22,17608769.36,1004389.89,0.0,49643607.01,3002820.2,0.0,699586.47,71259586.47,0.0,967260.18,0.0,6405096.3,0.0,0.0,3967609.31,0,6093193.05,0.0,9577059.13,0.0,14419374.65,35638.57,41429592.61,17209993.03,430268514.93
2021-10-19 00:19:49,13448636,81005,166844671.76,1.0,15214519.0,64520770.4,369949.92,246984781.08,0.0,0.0,0.0,0.0,0.0,0.0,0.0,0.0,55206057.13,6371670.44,14900318.29,71242468.76,17609292.57,1004389.89,0.0,49655605.25,3008324.73,0.0,717612.45,71277612.45,0.0,967260.18,0.0,6240172.98,0.0,0.0,3795563.87,0,5976570.9,0.0,9426376.12,0.0,14419374.65,48460.08,40825318.7,17887815.99,430330180.99
2021-10-20 00:19:49,13454473,80977,166846321.25,1.0,15214660.79,64520770.4,370733.59,246987214.24,0.0,0.0,0.0,0.0,0.0,0.0,0.0,0.0,55221120.2,6506869.48,15793933.74,72151147.28,17609754.39,1004389.89,0.0,49667949.92,3009844.16,0.0,731938.37,71291938.37,0.0,5108155.99,0.0,6167330.12,0.0,0.0,3717110.34,0,5925011.06,0.0,9864981.16,9649.11,14419374.65,1197928.88,45211612.42,19956733.47,435641912.31
2021-10-21 00:19:49,13460875,80952,166848370.53,1.0,15214872.22,79424497.53,465584.54,261987841.6,0.0,0.0,0.0,0.0,0.0,0.0,0.0,0.0,55228105.75,7237437.14,18196353.42,74560552.49,17610299.09,1004389.89,0.0,49682863.58,5013618.85,0.0,751171.41,73311171.41,0.0,5145786.57,0.0,6244175.06,0.0,0.0,3799737.85,0,5975333.48,0.0,9951134.31,10793.11,14419374.65,1265230.99,45546335.03,22547759.3,455405900.53
2021-10-22 00:19:49,13466782,80930,166849355.98,1.0,15215017.89,79424497.53,466202.26,261989444.78,0.0,0.0,0.0,0.0,0.0,0.0,0.0,0.0,55245650.52,7054346.02,16784058.95,73165802.8,17610830.3,1004531.09,0.0,49692768.63,5014887.63,0.0,763017.66,73323017.66,0.0,5137303.49,0.0,6456575.76,0.0,0.0,4011458.28,0,6122686.83,0.0,10135892.43,10897.11,14419374.65,1233279.93,46294188.55,21133713.8,454772453.79
2021-10-23 00:19:49,13473636,80909,166850882.51,1.0,15215172.76,79424497.53,467088.38,261991857.42,0.0,0.0,0.0,0.0,0.0,0.0,0.0,0.0,55259073.64,7957867.48,17944002.8,74339169.78,17611692.98,1004531.09,0.0,49701455.82,5021625.06,2000107.65,779412.59,75339412.59,0.0,5145184.97,0.0,6499691.81,0.0,0.0,4051957.75,0,6151089.29,0.0,10172887.3,11248.11,14419374.65,1239885.21,46451433.88,22331194.3,458121873.67
2021-10-24 00:19:49,13480066,80887,176850083.37,1.0,15215221.21,79424497.53,467675.94,271991645.84,0.0,0.0,0.0,0.0,0.0,0.0,0.0,0.0,55268484.05,8430920.25,18471139.44,74875716.82,17612226.99,1004561.54,0.0,49720679.95,5023272.33,2000118.16,800858.97,75360858.97,0.0,5216190.99,0.0,6664442.71,0.0,0.0,4217466.09,0,6261465.95,0.0,10323048.76,11495.11,14419374.65,1275096.71,47113484.26,22925182.37,469341705.89
2021-10-25 00:19:49,13486455,80863,186849204.3,1.0,15215408.21,79424497.53,468392.49,281991483.32,0.0,0.0,0.0,0.0,0.0,0.0,0.0,0.0,55277930.4,9086433.84,22019307.02,78433330.75,17612776.34,1004561.54,0.0,49733100.54,5025244.28,2000145.61,815828.32,75375828.32,0.0,5200526.72,0.0,6692750.98,0.0,0.0,4245807.68,0,6279533.94,0.0,10348384.68,13224.11,14419374.65,1282338.76,47199602.76,26505930.84,483000245.15
2021-10-26 00:19:49,13492870,80839,196850057.64,1.0,15215550.64,79424497.53,469707.62,291993651.79,0.0,0.0,0.0,0.0,0.0,0.0,0.0,0.0,55291866.12,9018150.1,22826303.27,79254262.72,17614001.2,1004561.54,0.0,49749932.03,5032486.43,2000181.35,841162.55,75401162.55,0.0,5605125.36,0.0,8174237.29,0.0,0.0,5736277.13,0,7286394.22,0.0,11683492.76,19451.11,14419374.65,213361.71,52924352.5,26284871.45,499573429.57
2021-10-27 00:19:49,13499252,80816,226847470.99,1.0,15215648.2,79424497.53,470834.12,321992191.65,0.0,0.0,0.0,0.0,0.0,0.0,0.0,0.0,55301842.96,8384781.43,20013122.6,76451058.9,17617002.21,1004561.54,0.0,49761041.2,8033054.43,2000214.02,855873.41,78415873.41,0.0,5479115.37,0.0,7604328.15,0.0,0.0,5925592.99,0,6903911.05,0.0,11179278.76,17215.11,14419374.65,886462.17,51528816.09,24170974.5,528387940.04
2021-10-28 00:19:49,13506681,80797,241848221.18,1.0,15215962.03,79424497.53,472370.23,336994477.94,0.0,0.0,0.0,0.0,0.0,0.0,0.0,0.0,55311133.44,9353953.15,23100238.48,79547465.24,17620961.42,1004855.95,0.0,49773339.4,8034813.12,2000263.5,874233.39,78434233.39,0.0,5761722.17,0.0,8545788.54,0.0,0.0,6911085.07,0,7546025.21,0.0,12046910.34,23065.11,14419374.65,-266781.1,55253971.07,26134177.53,550230147.65
2021-10-29 00:19:49,13511949,80778,241852014.24,1.0,15216207.59,79424497.53,473869.39,336999770.17,0.0,0.0,0.0,0.0,0.0,0.0,0.0,0.0,55317141.5,9340840.95,23598232.91,80051467.74,17623214.78,1004855.95,0.0,49778478.4,8034958.55,2000307.2,881814.88,78441814.88,0.0,5689787.79,0.0,8420211.41,0.0,0.0,6769167.36,0,7459619.59,0.0,14667021.04,20231.11,14419374.65,-108100.8,57445412.94,26806085.69,552938465.73
2021-10-30 00:19:49,13518338,80754,266852141.83,1.0,15216413.93,79424497.53,475421.52,362001449.88,0.0,0.0,0.0,0.0,0.0,0.0,0.0,0.0,55333345.39,9521985.06,23970831.6,80440270.32,17623725.24,0.0,0.0,49787189.39,8035052.57,2000356.62,886323.82,77446323.82,0.0,5657261.28,0.0,8187226.6,5879788.35,0.0,6518353.4,0,7301152.99,0.0,14358404.27,19555.11,14419374.65,259206.56,62341116.64,27568552.63,582229160.67
2021-10-31 00:19:49,13524659,80730,281853668.4,1.0,15216621.87,79424497.53,476840.25,377004395.18,0.0,0.0,0.0,0.0,0.0,0.0,0.0,0.0,55351868.29,8926794.3,22570885.65,79058847.26,17625466.16,0.0,0.0,49796011.06,8035994.08,2000427.71,897899.01,77457899.01,0.0,5662881.21,0.0,8249776.77,5944944.69,0.0,6569340.65,0,7345276.57,0.0,14430260.6,19555.11,14419374.65,125437.59,62641410.26,26066631.6,596162551.72
2021-11-01 00:19:49,13531043,80706,296853304.64,1.0,15216667.02,79424497.53,477526.29,392004717.46,0.0,0.0,0.0,0.0,0.0,0.0,0.0,0.0,55365356.05,9176865.03,23378209.06,79879658.44,17628800.67,0.0,0.0,49833953.14,8037529.97,2000496.95,940780.72,77500780.72,0.0,5726417.18,0.0,8328760.4,6034305.79,0.0,6660152.44,0,7397674.42,0.0,14533786.8,21622.11,14419374.65,92936.53,63122093.79,26898911.37,612507250.42
2021-11-02 00:19:49,13537385,80682,296854960.21,1.0,15216712.62,79424497.53,478017.7,392006864.45,0.0,0.0,0.0,0.0,0.0,0.0,0.0,0.0,55381053.55,9197858.81,23622392.54,80139539.42,17632136.56,0.0,0.0,49840184.49,8045102.65,2000554.25,957977.96,77517977.96,0.0,5781927.06,0.0,8513554.2,6231382.84,0.0,6835747.35,0,7521760.65,0.0,14777062.98,22545.11,14419374.65,-193863.23,64103354.83,26890156.44,613767736.66
2021-11-03 00:19:49,13543745,80657,306856019.29,1.0,15216887.53,79424497.53,478946.84,402008852.66,0.0,0.0,0.0,0.0,0.0,0.0,0.0,0.0,55391134.76,9138249.15,21621417.54,78148645.63,17633305.88,0.0,0.0,49873777.81,8045569.9,2000614.04,993267.62,77553267.62,0.0,5954601.39,0.0,8948001.13,6692977.42,0.0,7268437.51,0,7813677.42,0.0,15353604.31,24001.11,14419374.65,-947284.72,66474674.94,24182341.17,624185440.86
2021-11-04 00:19:49,13543745,80657,306856019.29,1.0,15216887.53,79424497.53,478946.84,402008852.66,0.0,0.0,0.0,0.0,0.0,0.0,0.0,0.0,55391134.76,9138249.15,21621417.54,78148645.63,17633305.88,0.0,0.0,49873777.81,8045569.9,2000614.04,993267.62,77553267.62,0.0,5954601.39,0.0,8948001.13,6692977.42,0.0,7268437.51,0,7813677.42,0.0,15353604.31,24001.11,14419374.65,-947284.72,66474674.94,24182341.17,624185440.86
2021-11-05 00:19:49,13543745,80657,306856019.29,1.0,15216887.53,79424497.53,478946.84,402008852.66,0.0,0.0,0.0,0.0,0.0,0.0,0.0,0.0,55391134.76,9138249.15,21621417.54,78148645.63,17633305.88,0.0,0.0,49873777.81,8045569.9,2000614.04,993267.62,77553267.62,0.0,5954601.39,0.0,8948001.13,6692977.42,0.0,7268437.51,0,7813677.42,0.0,15353604.31,24001.11,14419374.65,-947284.72,66474674.94,24182341.17,624185440.86
2021-11-06 00:19:49,13578282,80644,396860352.29,1.0,22958336.18,79424497.53,478978.39,499759217.25,100886.75,495029.84,1315169.64,564761.7,662.31,13240.87,5306.38,17775449.29,55465468.96,8834214.82,31106769.6,87708331.89,17641460.58,0.0,0.0,50034726.24,8049415.93,2000929.86,1166532.6,77726532.6,0.0,8524225.5,0.0,9989905.69,7777768.14,0.0,8339142.4,0,8506942.15,0.0,16665055.45,32230.11,14419374.65,24957.28,74254644.1,34889299.59,739448725.84
2021-11-07 00:19:49,13578282,80644,396860352.29,1.0,22958336.18,79424497.53,478978.39,499759217.25,100886.75,495029.84,1315169.64,564761.7,662.31,13240.87,5306.38,17775449.29,55465468.96,8834214.82,31106769.6,87708331.89,17641460.58,0.0,0.0,50034726.24,8049415.93,2000929.86,1166532.6,77726532.6,0.0,8524225.5,0.0,9989905.69,7777768.14,0.0,8339142.4,0,8506942.15,0.0,16665055.45,32230.11,14419374.65,24957.28,74254644.1,34889299.59,739448725.84
2021-11-08 00:19:49,13578282,80644,396860352.29,1.0,22958336.18,79424497.53,478978.39,499759217.25,100886.75,495029.84,1315169.64,564761.7,662.31,13240.87,5306.38,17775449.29,55465468.96,8834214.82,31106769.6,87708331.89,17641460.58,0.0,0.0,50034726.24,8049415.93,2000929.86,1166532.6,77726532.6,0.0,8524225.5,0.0,9989905.69,7777768.14,0.0,8339142.4,0,8506942.15,0.0,16665055.45,32230.11,14419374.65,24957.28,74254644.1,34889299.59,739448725.84
2021-11-09 00:19:49,13581514,80628,416859471.39,1.0,22958432.31,79424497.53,479602.42,519758960.38,508612.33,14.86,1322073.38,561033.9,677.76,13556.33,5521.96,17516944.8,55470824.82,8708340.3,30733456.47,87340374.62,17642000.9,0.0,0.0,70055483.64,8050945.73,2000962.24,1189392.51,97749392.51,0.0,8581601.14,0.0,11154365.3,11034167.01,0.0,8720952.72,0,8763293.6,0.0,17152158.39,35298.11,14419374.65,24957.28,79861210.92,34545094.72,784709938.43
2021-11-10 00:19:49,13588119,80601,456861590.37,1.0,22958727.24,79424497.53,481484.5,559762961.43,366488.62,15.03,1394426.99,540531.0,674.31,13329.67,5797.72,17721419.94,55480924.69,8624974.65,32051673.6,88668691.62,17642868.43,0.0,2500100.0,70078442.24,8059170.07,2001024.49,1221605.22,100281605.22,0.0,8550323.46,0.0,10671208.22,10502067.09,0.0,8291285.32,0,8486371.44,0.0,16617143.34,31895.11,14419374.65,24957.28,77569668.62,35907797.53,826282926.89
2021-11-11 00:19:49,13594784,80572,496862648.32,1.0,22958941.03,79424497.53,482938.64,599765473.52,46051.24,18.45,1409920.09,525619.8,633.72,12532.15,5770.82,24488956.87,55491214.09,8401175.27,38095911.6,94723219.02,17644760.21,0.0,2500100.0,70107371.3,8057622.14,2001073.12,1250926.77,100310926.77,0.0,8561533.73,0.0,11050322.47,10914891.78,0.0,8598631.66,0,12130365.06,0.0,17024994.81,33611.11,14419374.65,24957.28,82733725.25,41992998.98,877533344.56
2021-11-12 00:19:49,13599067,80551,496867241.81,1.0,22959100.23,79424497.53,483836.92,599770965.3,46241.48,18.78,1426741.19,529347.6,623.14,12306.82,6346.09,24928499.93,55501135.99,8651921.29,38925214.67,95562443.99,17645156.28,0.0,2500100.0,70116614.86,8057361.41,2001079.8,1260312.35,100320312.35,0.0,8589008.46,0.0,11517357.35,11419739.58,1242908.84,8716456.76,0,12441357.79,0.0,17182180.26,36692.11,14419374.65,24957.28,85565075.79,42842546.08,881218797.43
2021-11-13 00:19:49,13610117,80544,551871765.58,1.0,22959599.61,104257748.27,649367.71,679774270.59,0.0,16.79,1310353.22,495797.4,621.4,0.0,5937.2,22298025.67,22943157.32,8456768.78,35847242.95,59926493.6,17646241.88,0.0,2500104.78,70151068.64,8061014.59,2001100.88,1299530.78,100359530.78,0.0,8521745.67,0.0,10635744.15,10472240.66,1242975.88,8241133.13,0,12049660.62,0.0,16564833.44,31726.11,14419374.65,24957.28,82179434.31,38417743.68,922239729.29
2021-11-14 00:19:49,13613587,80529,571871231.24,1.0,22959661.14,104257748.27,649970.19,699774338.74,384519.99,16.64,1296516.99,484614.0,633.7,0.0,5877.52,22095544.01,22943554.12,8492739.23,36146581.34,60226228.79,17646598.44,0.0,2500137.5,70160230.92,8060228.5,2001108.99,1308304.35,100368304.35,0.0,8514825.57,1149453.85,9152204.61,10473890.97,1242988.45,8234560.7,0,12028739.37,0.0,16564192.86,30712.11,14419374.65,24957.28,81810943.14,38727105.9,942179815.02
2021-11-15 00:19:49,13620213,80505,591873040.96,1.0,22959852.61,104257748.27,651121.97,719777300.24,382205.8,15.99,1327719.41,486477.9,625.74,0.0,5743.34,21231865.36,22946918.03,8648608.85,35491628.01,59574639.37,17647288.45,0.0,2500204.54,70186660.09,8060421.9,2001123.53,1335698.51,100395698.51,0.0,8506850.1,2633291.61,8849169.88,10152948.23,1243029.51,7975639.21,0,12428343.22,0.0,16234775.61,29334.11,14419374.65,24957.28,82472756.11,38104277.38,962220394.24
2021-11-16 00:19:49,13626478,80481,611875031.22,1.0,22960037.86,104257748.27,652270.86,739780439.39,0.0,13.49,1226952.84,432424.8,557.85,0.0,5772.64,17918313.69,22955622.8,7876861.71,30194016.74,54285732.87,17647955.6,0.0,2500271.79,70210432.08,8058097.69,2001136.2,1357893.37,100417893.37,0.0,8444910.02,2633445.97,8142229.94,9398121.4,2142074.91,7353190.83,0,11943025.41,0.0,15445752.7,25239.11,14419374.65,24957.28,79947364.93,32838197.01,974431430.57
2021-11-17 00:19:49,13632809,80457,611881391.05,1.0,22960537.19,104257748.27,653860.99,739788389.35,345642.36,12.68,1206226.97,410058.0,565.78,0.0,5393.59,16846554.53,22958562.0,7180119.2,33671676.58,57766331.9,17648613.79,0.0,2500334.64,70225733.45,8058896.36,2001149.18,1374727.42,100434727.42,0.0,8417810.49,2633549.16,7979455.71,9214165.99,2142187.3,7204603.08,0,11509793.83,0.0,15259153.53,24407.11,14419374.65,24957.28,78804500.83,36337595.36,976793949.51
2021-11-18 00:19:49,13638946,80433,641882190.4,1.0,22960719.67,104257748.27,655032.91,769790360.62,48192.3,12.98,1032159.18,391419.0,553.89,0.0,5164.48,17258779.1,22962155.0,7842842.24,34493287.83,58591536.16,17649248.45,0.0,2500334.64,70240411.91,8056621.81,2001164.25,1387781.06,100447781.06,0.0,8436118.05,2633908.0,8145470.24,9382066.14,2142239.32,7322685.2,0,11358172.18,0.0,15447172.06,25447.11,14419374.65,24957.28,79312652.94,37177111.6,1008142330.78
2021-11-19 00:19:49,13645457,80409,666884329.86,1.0,22960896.46,104257748.27,656275.96,794793743.12,0.0,325532.8,1052699.46,376507.8,544.16,0.0,4743.56,15570581.17,22967521.03,7612020.47,32492790.18,56596404.54,17649973.55,0.0,4253709.51,70262078.25,8057513.88,2001177.55,1411288.24,102224452.74,0.0,8408361.7,3631395.65,7934194.85,9119690.4,2460197.31,7112176.21,0,11121037.44,0.0,15181349.61,23627.11,14419374.65,24957.28,79411404.92,35206864.84,1033026005.33
2021-11-20 00:19:49,13651760,80387,691886201.01,1.0,22961021.21,104257748.27,657370.42,819796708.73,163649.34,337502.0,1163127.03,344821.5,554.7,0.0,5164.24,16138083.91,22970368.17,8182165.16,34162419.09,58268880.59,17650515.08,0.0,4253743.47,70285549.29,8058462.12,2001190.37,1436295.82,102249460.32,0.0,8442051.56,3631436.92,8768996.41,9992381.06,2460302.61,7828197.93,0,11696695.47,0.0,16099363.5,28216.11,14419374.65,24957.28,83367016.21,36905885.03,1063682065.86
2021-11-21 00:19:49,13657246,80361,691889694.95,1.0,22961110.93,104257748.27,657990.13,819800822.39,0.0,335876.56,1160269.09,359732.7,537.73,0.0,5288.37,16061307.98,22975091.87,8566433.16,34322533.93,58433719.13,17650976.12,0.0,4253849.52,70299231.08,8057988.23,2001204.61,1450085.05,102263249.55,0.0,8445428.22,3631504.62,8615388.53,9807824.28,8615994.46,7671922.54,0,12084439.15,0.0,15914125.07,27319.11,14419374.65,24957.28,89233320.62,37085043.81,1069731111.69
2021-11-22 00:19:49,13664379,80335,711891701.07,1.0,22961340.44,104257748.27,659055.56,839803893.93,0.0,315484.58,1121170.59,346685.4,527.59,0.0,5320.54,15097136.32,22977698.15,9618353.3,34167415.38,58281206.86,17651567.36,0.0,4253849.52,70326942.33,8058047.88,2001221.52,1478464.1,102291628.6,0.0,8440009.2,3631755.16,8184771.32,9348270.84,8616122.04,7292598.88,0,11681369.34,0.0,15427496.58,24966.11,14419374.65,24957.28,87066734.12,36962049.2,1087443463.53
2021-11-23 00:19:49,13670703,80312,711894561.08,1.0,22961478.67,104257748.27,659615.42,839807313.81,545215.2,17.71,1104540.32,341093.7,548.97,0.0,5345.96,15753813.87,22981680.32,9220430.29,34624740.08,58742513.72,17652087.6,0.0,4254055.72,70345090.79,8059268.3,2001234.26,1498572.18,102311736.68,0.0,8409447.42,3631989.32,8260072.81,9433596.32,8616263.51,7372442.1,0,11591577.57,0.0,15517455.82,24914.11,14419374.65,24957.28,87277133.63,37444456.28,1088138697.84
2021-11-24 00:19:49,13676558,80290,711896867.81,1.0,22961575.35,104257748.27,660052.17,839810057.29,551980.19,18.82,1147673.43,344821.5,527.32,0.0,5440.4,16746087.61,22983372.48,9337459.21,35896188.81,60015654.62,17652775.32,0.0,4254158.12,70360180.12,8060497.14,2001246.78,1515692.98,102328857.48,0.0,8438236.12,3632253.31,8421395.64,9620265.62,8616447.25,7538559.2,0,11812480.47,0.0,15738272.0,26305.11,14419374.65,24957.28,88263589.37,38734964.11,1090418158.77
2021-11-25 00:19:49,13683339,80267,726899957.31,1.0,22961880.67,104257748.27,661179.73,854814274.35,518076.74,362304.59,1552145.97,331774.2,520.98,0.0,5313.44,24636223.41,22990601.39,9269266.01,44509641.66,68636336.39,17653560.63,0.0,4254228.44,70385227.04,8061646.8,2001264.04,1542762.46,102355926.96,0.0,8444433.69,3632512.06,8488881.07,9699135.24,8616717.99,7611484.4,0,11677451.39,0.0,15814360.61,26630.11,14419374.65,24957.28,88430981.2,47383987.6,1114237518.9
2021-11-26 00:19:49,13689584,80243,726903158.06,1.0,22962149.32,104257748.27,661910.52,854818205.89,0.0,275139.0,1374602.23,320590.8,460.73,0.0,4771.44,18722910.02,22992250.06,8317156.72,36604576.02,60732919.4,17654198.38,0.0,4254360.82,70405388.72,8061792.84,2001281.53,1563857.78,102377022.28,0.0,8421519.91,3632717.9,8282401.93,9494100.71,8616873.73,7420398.41,0,11185517.43,0.0,15598168.1,25161.11,14419374.65,24957.28,87096233.88,39501527.62,1105024381.46
2021-11-27 00:19:49,13695459,80221,736904634.34,1.0,22962333.25,104257748.27,662565.88,864820337.53,0.0,294576.2,1411932.71,318726.9,477.69,0.0,4705.32,20050967.49,22993786.19,8126370.55,37867829.36,61997708.88,17654792.53,0.0,4254432.29,70424405.44,8063102.14,2001301.79,1584869.69,102398034.19,0.0,8421536.72,3632854.43,8219813.54,9433932.36,8616953.19,7372811.97,0,11298976.15,0.0,15535107.47,25239.11,14419374.65,24957.28,86976599.58,40788408.1,1116192680.18
2021-11-28 00:19:49,13702792,80201,736908179.98,1.0,22962485.23,104257748.27,663222.85,864824540.14,0.0,284314.33,1040454.23,318726.9,455.18,0.0,4325.83,19346603.76,0.0,8271058.89,36895003.51,38031096.84,17655548.65,0.0,4254445.09,70442475.98,8062401.28,2001323.98,1603030.48,102416194.98,0.0,8415570.29,3632993.54,8228025.04,9442588.51,8617047.21,7367199.13,0,11090718.69,0.0,15535539.18,25460.11,14419374.65,24957.28,86774516.35,39186216.09,1092046348.31
2021-11-29 00:19:49,13708236,86409,766907868.04,1.0,22962723.49,104257748.27,664141.62,894825146.96,792269.01,1065479.48,1226921.09,335502.0,474.6,0.0,4488.2,20724393.67,0.0,8979046.3,40879581.69,42015675.03,17656115.58,0.0,4254547.67,70471050.25,8068068.9,2001343.7,1637961.6,102451126.1,0.0,8451634.8,3633113.58,8480613.41,9449205.64,8617339.23,7374183.51,0,11048696.86,0.0,15553081.58,25252.11,14419374.65,24957.28,87052495.37,43206644.24,1126344443.45
2021-11-30 00:19:49,13714399,86433,796909087.3,1.0,22963035.13,104257748.27,665317.8,924827542.41,129508.02,417213.43,1287045.47,350413.2,497.03,0.0,0.0,21316419.79,0.0,9386343.56,40765828.18,41901921.52,17656766.55,0.0,4254547.67,70481799.4,8094228.79,2001366.25,1675544.16,102488708.66,0.0,8470365.53,3633243.66,8545195.53,9508799.15,11242344.48,7428303.91,0,10998062.59,0.0,15628949.79,26110.11,14419374.65,24957.28,89900749.41,43131649.59,1159118921.99
2021-12-01 00:19:49,13720670,86457,796915382.34,1.0,22963512.15,104257748.27,666623.89,924835143.54,45684.84,437510.3,1232249.96,341093.7,529.65,0.0,0.0,22338858.39,0.0,9602492.4,41965562.17,43101655.5,17657416.0,0.0,4254547.67,70496502.09,8095377.03,2001389.24,1692067.52,102505232.02,0.0,8508450.48,3633502.18,8549620.74,11515845.66,14997220.22,7435751.4,0,10935093.08,0.0,15661584.85,25733.12,14419374.65,24957.28,95682176.37,44349213.17,1166124207.43
2021-12-02 00:19:49,13726982,86480,796920019.08,1.0,22963660.78,104257748.27,667383.2,924840539.59,133437.29,16.08,1311199.03,320590.8,491.3,0.0,0.0,22647966.55,0.0,8796917.96,41107147.88,42243241.21,17658086.01,0.0,4254547.67,70527923.17,8093238.78,2001410.61,1722041.73,102535206.23,0.0,8492237.95,3633613.98,8536771.72,11517984.35,14997735.64,7426398.98,0,10985838.75,0.0,15688973.85,25564.12,14419374.65,24957.28,95724493.98,43521532.22,1165343481.01
2021-12-03 00:19:49,13733238,86503,826924643.71,1.0,22964079.5,104257748.27,669088.55,954846869.57,40911.94,16.08,1150200.9,337365.9,487.21,0.0,0.0,22667638.05,0.0,7884590.04,39984623.7,41120717.03,17658763.3,0.0,4254547.67,70557115.92,8094906.07,2001435.78,1753604.22,102566768.72,0.0,8492666.98,3633860.58,8442098.65,11430334.34,14998173.24,7356740.47,0,11037397.97,0.0,15635531.4,25395.12,14419374.65,24957.28,95471573.39,42432275.87,1194005928.71
2021-12-04 00:19:49,13739719,86528,826937265.8,1.0,22964926.13,104257748.27,671537.25,954861940.36,29767.36,12.22,972910.18,273993.3,372.56,0.0,0.0,17212914.56,0.0,6781872.47,32684327.54,33820420.87,17659465.22,0.0,4254935.04,70585789.5,8084154.53,2001464.06,1772643.84,102585808.34,0.0,8387068.15,3634166.2,8429635.54,11459390.76,14998826.04,7303303.95,0,10336393.81,0.0,15580402.64,22301.12,14419374.65,24957.28,94570862.85,35153467.53,1185839032.42
2021-12-05 00:19:49,13745688,86552,826945338.83,1.0,22965236.05,104257748.27,672871.85,954871347.99,33727.16,15.94,1046720.69,300087.9,399.44,0.0,0.0,22437274.0,0.0,7803459.67,39199227.92,40335321.25,17660095.54,0.0,4254935.04,70602389.63,8087519.56,2001487.43,1793262.71,102606427.21,0.0,8450412.52,3634267.55,8437757.74,11436900.27,14999208.23,7323195.08,0,10388766.55,0.0,15629527.08,22496.12,14419374.65,24957.28,94741905.79,41690321.5,1192555002.24
2021-12-06 00:19:49,13752784,86577,826953872.2,1.0,22965765.73,104257748.27,674484.63,954881494.14,29485.37,7.35,1013489.29,270265.5,344.15,0.0,0.0,20593830.45,0.0,6525725.63,36180248.3,37316341.63,17660864.75,0.0,4255062.66,95628643.93,8081597.53,2001524.58,1814528.95,127627693.45,0.0,8412239.71,3634441.74,8416165.83,11410628.65,14999754.29,7281342.98,0,9712960.6,0.0,15581631.83,24368.12,14419374.65,24957.28,93892908.39,38694220.65,1213718437.61
2021-12-07 00:19:49,13757899,86604,826959367.19,1.0,22966009.2,104257748.27,675425.56,954887930.06,34302.02,8.95,1099509.47,298224.0,384.55,0.0,0.0,25032002.18,0.0,6775812.11,41363911.8,42500005.13,17661486.78,0.0,4255062.66,95639562.37,8090263.15,2001538.83,1834749.28,127647913.78,12932267.46,8459610.79,3634515.39,8430098.52,11422785.58,15000193.11,7317954.19,0,10031588.82,0.0,15658772.44,25746.12,14419374.65,24957.28,107332907.06,43899045.61,1232368756.02
2021-12-08 00:19:49,13764431,86634,866957434.62,1.0,22708658.58,104257748.27,661296.21,994629228.1,33898.15,8.91,1072878.58,285176.7,367.27,0.0,0.0,24921362.25,0.0,6687301.44,41163002.33,42299095.66,17662276.46,0.0,4255161.19,95656588.84,8089688.38,2001557.47,1852107.84,127665272.34,12932421.31,8456118.81,3634591.85,8438722.05,11407819.08,15000437.95,7314403.84,0,9888796.34,12263973.63,15684063.36,28515.12,14419374.65,24957.28,119469237.98,43701365.24,1284062834.08
2021-12-09 00:19:49,13770670,86664,891960628.2,1.0,22708782.03,104257748.27,662307.01,1019633432.49,366949.76,8.99,67859.24,303815.7,386.38,0.0,0.0,27708623.95,0.0,7809790.27,44330130.55,45466223.88,17663035.06,0.0,4255210.08,95667197.13,8089306.98,2001577.06,1863161.82,127676326.32,12935000.89,8476633.53,3634698.7,8471681.82,11443960.34,19253468.85,7341213.93,0,9887994.76,15264147.59,15716552.9,30894.12,14419374.65,24957.28,126875622.09,46880558.34,1319651604.77
2021-12-10 00:19:49,13777288,86690,941963801.02,1.0,22708995.09,104257748.27,663811.17,1069638109.47,32246.06,8.05,21877.68,288904.5,354.22,0.0,0.0,24821587.05,0.0,8642808.77,41720812.42,42856905.75,17663864.07,0.0,4255232.8,95684795.21,8086454.79,2001594.98,1878777.34,127691941.84,12935212.17,8436848.68,3634850.6,8444472.0,11422681.28,19253827.54,7314937.87,0,9766356.91,15265322.42,15681072.88,28983.12,14419374.65,24957.28,126603940.12,44288359.77,1366790897.19
2021-12-11 00:19:49,13783465,86716,941968207.68,1.0,22709177.77,104257748.27,664484.9,1069643189.86,32227.05,8.27,19157.94,283312.8,347.85,0.0,0.0,25503723.89,0.0,7753247.12,41399989.28,42536082.61,17664636.78,0.0,4255252.34,95698772.19,8084266.95,2001610.25,1891374.01,127704538.51,15934030.11,8408898.22,3634990.46,8426029.1,11408549.26,20253727.78,7305614.19,0,9662965.66,15266205.7,15656153.58,28073.12,14419374.65,24957.28,130404611.82,43980807.0,1370288422.81
2021-12-12 00:19:49,13789624,86744,976969145.68,1.0,22709221.45,104257748.27,665276.53,1104644919.48,252010.5,920887.04,180150.13,0.0,354.81,0.0,0.0,26618214.44,0.0,0.0,45794309.0,45794309.0,17665797.78,0.0,4255273.73,95714994.2,8079701.65,2001621.47,1904224.34,127717388.84,15934071.53,8413974.67,3635086.25,8422141.58,11406945.46,20254133.6,7304146.31,0,9702371.23,15267033.32,15643002.57,27163.12,14419374.65,24957.28,130429444.28,48388768.69,1408586061.6
2021-12-13 00:19:49,13796415,86769,996970809.82,1.0,22709311.12,104257748.27,665934.27,1124647241.37,151880.92,1363805.8,344431.27,0.0,343.7,0.0,0.0,28135783.04,0.0,0.0,48623652.36,48623652.36,17666638.86,0.0,4255300.73,95731467.06,8079856.24,2001637.12,1921735.51,127734900.01,15934278.57,8403006.66,3635152.04,8414969.67,11412678.0,20254474.45,7290177.28,0,9684187.97,15267957.82,15622925.08,25902.12,14419374.65,24957.28,130365084.29,51236280.93,1431370878.03
2021-12-14 00:19:49,13802889,86793,996975456.81,1.0,22709610.74,104257748.27,666723.15,1124652677.23,29708.59,7.47,43130.33,0.0,329.09,0.0,0.0,25341804.31,0.0,0.0,43333730.42,43333730.42,17667443.13,0.0,4255330.13,95746911.88,8079612.79,2001650.59,1937784.03,127750948.53,15934412.22,8364358.72,3635475.91,8404811.17,11421427.6,20254760.74,7274733.0,0,9541250.64,15268832.2,15601506.89,25525.12,14419374.65,24957.28,130146468.86,45963196.32,1425883825.03
2021-12-15 00:19:49,13809877,86819,996980889.85,1.0,22709738.74,104257748.27,667423.18,1124658810.31,29997.63,7.5,43189.95,0.0,332.14,0.0,0.0,25423109.18,0.0,0.0,43194216.89,43194216.89,17668308.66,0.0,4255361.43,95758021.04,8080455.47,2001662.45,1950644.56,127763809.06,15934511.2,8383837.42,3635729.86,8416785.01,11414262.27,20255059.6,7278596.35,0,9664557.9,15269724.25,15620054.61,24368.12,14419374.65,24957.28,130316861.24,45837243.36,1425933697.49
2021-12-16 00:19:49,13816083,86846,996986549.24,1.0,22710221.51,104257748.27,668501.81,1124665548.32,33615.67,1204288.06,45949.96,0.0,355.81,0.0,0.0,30846117.77,0.0,0.0,50715036.92,50715036.92,17669065.04,0.0,4255384.85,95778784.52,8087403.13,2001676.21,1979149.25,127792313.75,15934662.27,8422440.75,3635903.48,8437082.41,11419034.78,20255476.15,7308346.32,0,9953753.88,15270623.22,15657654.86,24147.12,14419374.65,24957.28,130738499.89,53387646.82,1433911398.87
2021-12-17 00:19:49,13822250,86871,996990986.75,1.0,22710369.5,104257748.27,669117.0,1124670601.03,34055.0,1328100.81,43156.59,0.0,339.07,0.0,0.0,34551414.14,0.0,0.0,53900242.18,53900242.18,17669827.81,0.0,4255408.89,95798706.23,8085832.19,2001688.47,1998299.09,127811463.59,15934788.35,8387253.98,3635999.18,8438050.21,11427122.8,20255685.3,7298355.69,0,9724626.65,15271331.4,15641011.19,22964.12,14419374.65,24957.28,130456563.52,56592617.04,1436838870.31
2021-12-18 00:19:49,13829008,86896,996996009.44,1.0,22710629.16,104257748.27,669905.48,1124676412.19,36889.82,6.0,52305.73,0.0,392.36,0.0,0.0,34865902.15,0.0,0.0,51785449.17,51785449.17,17670594.75,0.0,4255475.66,95817730.85,8086464.98,2001703.18,2018804.92,127831969.42,15934891.87,8457678.13,3636702.7,8498960.54,11521278.99,20255921.87,7346580.94,0,9759413.86,15272184.03,15724832.47,20507.12,14419374.65,24957.28,130848327.16,54499118.57,1435142157.95
2021-12-19 00:19:49,13835154,86920,1016999611.58,1.0,22710749.07,104257748.27,670787.36,1144680896.21,38037.36,0.0,51727.55,0.0,371.14,0.0,0.0,33524516.15,0.0,0.0,44863320.72,44863320.72,17671127.55,0.0,4255547.21,95833264.27,8085276.84,2001715.81,2033767.17,127846931.67,15934923.17,8440345.5,3636896.45,8482531.41,11496746.97,20256630.68,7333848.63,0,9723850.18,15273085.65,15714961.52,21053.12,14419374.65,24957.28,130734247.91,47592834.17,1448125396.52
2021-12-20 00:19:49,13841625,86944,1017004306.47,1.0,22710871.38,104257748.27,671394.25,1144686198.0,34972.27,0.0,50098.15,0.0,345.74,0.0,0.0,30834093.21,0.0,0.0,42107190.14,42107190.14,17671522.57,0.0,4255642.93,95849952.77,8083681.14,2001730.41,2049365.33,127862529.83,15934972.37,8416629.29,3636993.53,8470202.98,11495347.92,20256955.74,7317711.27,0,9559998.06,15274437.03,15694605.36,20715.12,14419374.65,24957.28,130497943.32,44852908.51,1445153861.29
2021-12-21 00:19:49,13848152,86969,1017009847.98,1.0,22711126.51,104257748.27,672221.36,1144692566.61,38070.27,630435.49,46528.12,0.0,365.52,0.0,0.0,32831868.88,0.0,0.0,44525581.55,44525581.55,17671919.96,0.0,4255713.22,95869599.51,8084443.37,2001741.23,2070252.79,127883417.29,15935014.19,8463029.99,3637100.19,8493237.05,11499764.22,20257396.64,7341647.29,0,9643771.77,15275365.2,15732619.3,20676.12,13547934.17,-846483.2,129847556.13,46421574.11,1446949121.57
2021-12-22 00:19:49,13854610,86994,1017019005.18,1.0,22711313.54,104257748.27,673353.55,1144702856.01,44324.27,699612.9,46521.4,0.0,394.94,0.0,0.0,36440487.04,0.0,0.0,56800928.86,56800928.86,17672313.53,0.0,4255787.25,95883973.72,8086234.7,2001754.19,2086898.9,127900063.4,15935089.13,8411015.69,3637158.72,8453492.74,11412020.15,20257707.79,7319100.77,0,9573975.08,15276243.25,15721985.66,26084.12,13547934.17,-846483.2,129571807.26,58714699.87,1458975655.53
2021-12-23 00:19:49,13860995,87018,1062022670.18,1.0,22711445.98,104257748.27,674689.31,1189707856.77,44212.05,0.0,92091.23,0.0,458.35,0.0,0.0,42409796.33,0.0,0.0,61745991.06,61745991.06,17672666.08,0.0,4255888.19,95900279.77,8089161.92,2001766.62,2106598.09,127919762.59,15935238.21,8396969.83,3637251.49,8450514.0,11413857.5,20257973.51,7341637.83,0,9578263.38,15277263.56,15727342.43,27020.12,13547934.17,-846483.2,129591266.01,63680797.3,1508964876.42
2021-12-24 00:19:49,13867516,87042,1107027293.45,1.0,22711628.6,104257748.27,676115.21,1234713905.93,45886.6,0.0,74791.0,0.0,508.22,0.0,0.0,46047440.84,0.0,0.0,65787931.08,65787931.08,17672994.21,0.0,4256016.24,95915188.75,8096127.22,2001781.89,2128943.82,127942108.32,15935337.91,8449058.03,3637340.23,8501846.51,11435224.71,20258269.24,7411719.41,0,9706667.07,15278173.26,15783737.88,30933.12,13547934.17,-846483.2,129976241.52,67746509.16,1558420186.85
2021-12-25 00:19:49,13873927,87067,1107036710.78,1.0,22711883.09,104257748.27,677262.71,1234724470.76,46373.54,0.0,73771.02,0.0,537.06,0.0,0.0,43308673.74,0.0,0.0,62384163.1,62384163.1,17673376.45,0.0,4256148.21,95926012.61,8096093.76,2001798.75,2140265.27,127953429.77,15935382.03,8433750.21,3637362.83,8472886.04,11423049.69,20258455.59,7396372.02,0,9723276.17,15278987.6,15750104.73,28996.12,13547934.17,-846483.2,129886557.21,64355210.26,1554948620.84
2021-12-26 00:19:49,13880405,87091,1107040819.17,1.0,22712340.68,104257748.27,678109.88,1234729426.33,52996.98,2318.59,73878.59,0.0,512.52,0.0,0.0,45686390.33,0.0,0.0,64509918.59,64509918.59,17673782.38,0.0,4256272.44,95937957.9,8098157.69,2001817.96,2154823.87,127967988.37,15935406.33,8427470.8,3637393.94,8463592.27,11418625.35,20258645.66,7410807.62,0,9628149.74,15279927.43,15778194.35,29048.12,13547934.17,-846483.2,129815195.78,66496371.43,1557022529.08
2021-12-27 00:19:49,13886888,87116,1107046162.07,1.0,22712503.66,104257748.27,678779.51,1234735438.85,0.0,33.57,61299.04,0.0,575.98,0.0,0.0,46601740.5,0.0,0.0,64830978.83,64830978.83,17674214.43,0.0,4256381.57,95958499.65,8106042.08,2001839.49,2183812.73,127996977.23,15935526.62,8449628.83,3637418.16,8489876.1,11440533.33,23259583.28,7438979.14,0,10001154.33,15280858.75,15809571.85,30972.13,13547934.17,-846483.2,133322036.69,66847090.41,1560885431.61
2021-12-28 00:19:49,13893068,87141,1142047894.0,1.0,22712707.53,104257748.27,679746.13,1269738137.4,0.0,35.19,58785.53,0.0,564.64,0.0,0.0,48808456.48,0.0,0.0,66919141.76,66919141.76,17674615.97,0.0,4256492.08,95973248.82,8104818.49,2001863.02,2197873.88,128011038.38,16435617.77,8474179.07,3637479.86,8566973.78,11508063.52,23259875.35,7484559.28,0,9953534.82,15281732.37,15856711.49,34313.13,13547934.17,-846483.2,134040974.62,68950281.08,1598709292.15
2021-12-29 00:19:49,13900089,87167,1212048204.1,1.0,22712854.52,104257748.27,681002.7,1339739704.08,0.0,37.41,57141.37,0.0,496.22,0.0,0.0,51881739.67,0.0,0.0,73280985.27,73280985.27,17675095.61,0.0,4256573.04,95996695.14,8110191.06,2001887.72,2227278.07,128040442.57,16435688.17,8419383.81,3637563.89,8503207.73,11450072.25,23260165.16,7448188.09,0,9792063.49,15282706.86,15799803.34,32233.13,13547934.17,-846483.2,133609010.08,75342785.05,1674670142.0
2021-12-30 00:19:49,13906273,87192,1212057022.62,1.0,22713012.52,104257748.27,681924.5,1339749444.39,13299.8,26387.18,67708.69,0.0,476.86,8444.38,276355.53,51737059.45,0.0,0.0,72637599.23,72637599.23,17676049.5,0.0,4256652.11,96016022.41,8891252.56,2001906.28,2278718.36,128841882.86,16435738.47,8561841.17,3637973.51,2716492.31,4884340.07,24260432.9,7623557.17,0,9811299.23,15283635.59,16043608.54,41372.13,13547934.17,-846483.2,122848225.27,74751761.03,1664077151.75
2021-12-31 00:19:49,13912485,87215,1232060262.86,1.0,22713159.74,104257748.27,682671.67,1359753431.8,14595.82,27342.67,69031.49,0.0,543.78,8793.13,280707.32,0.0,0.0,0.0,74132284.14,74132284.14,17677004.91,0.0,4256724.1,96038958.48,8890866.51,2001935.31,2302324.81,128865489.31,16435780.77,8631508.68,3638019.25,2731072.49,4906007.52,24260603.57,7690068.81,0,9892581.73,15284609.01,16123475.65,43192.13,13547934.17,-846483.2,123184853.77,76270799.85,1685936059.02
2022-01-01 00:19:49,13920230,87233,1277062955.69,1.0,22713259.77,104257748.27,683676.28,1404757129.25,15370.3,32516.75,104350.44,0.0,508.53,8509.23,268055.03,0.0,0.0,0.0,82070048.46,82070048.46,17678178.46,0.0,4256898.19,96069111.7,8894579.08,2001963.5,2337566.43,128900730.93,16435810.31,8755058.82,3638177.81,2790192.12,4936117.79,24260831.27,7836772.12,0,9945401.16,15286238.79,16312136.45,48561.13,13547934.17,-846483.2,123793231.94,84244810.24,1739521140.58
2022-01-02 00:19:49,13925610,87254,1297067621.64,1.0,22713352.88,104257748.27,684442.74,1424762561.65,16459.35,30179.1,105592.17,0.0,514.19,8773.23,265688.04,0.0,0.0,0.0,77574168.4,77574168.4,42678895.64,0.0,4257037.91,96083097.24,8907506.37,2001984.47,2365357.13,153928521.63,16435856.83,8742888.32,3638269.57,2784688.52,4937174.49,24261056.01,7843138.44,0,10118712.75,15287224.91,16303974.96,48418.13,13547934.17,-846483.2,123949337.11,79777487.36,1780214588.79
2022-01-03 00:19:49,13932082,87279,1337067348.14,1.0,22713410.42,104257748.27,685057.04,1464762902.45,17109.5,29389.65,107624.47,0.0,568.6,9395.04,265813.47,0.0,0.0,0.0,75277094.09,75277094.09,42679614.59,0.0,4257200.15,96091150.95,8911915.7,2002007.75,2378724.64,153941889.14,16435893.78,8676946.79,3638331.69,2749728.48,4906749.32,24261263.81,7759776.76,0,10057813.6,15288457.5,16188800.71,45285.13,13547934.17,-846483.2,123556981.75,77494395.11,1817538867.43
2022-01-04 00:19:49,13938605,87303,1377069559.81,1.0,22713486.75,104257748.27,685867.69,1504765924.78,17635.1,331713.93,105953.9,0.0,530.56,9658.91,264478.17,0.0,0.0,0.0,79265074.44,79265074.44,42680447.3,0.0,4257389.21,96106650.25,8951495.82,2002040.19,2434858.26,153998022.76,16436109.14,8717410.89,3638433.21,2767270.84,4931800.23,26261939.35,7855617.58,0,9939373.65,18290942.41,16261808.23,47677.13,13547934.17,-846483.2,128696316.82,81539319.57,1866725338.8
2022-01-05 00:19:49,13945064,87327,1377077504.76,1.0,22713739.52,104257748.27,686726.16,1504774728.19,17386.65,317098.68,60397.5,0.0,510.54,10110.36,253760.14,0.0,0.0,0.0,78983254.69,78983254.69,42681455.75,0.0,4257502.35,96117728.23,8999207.41,2002080.16,2494809.41,154057973.91,16436351.53,8803386.55,3638527.8,2797788.06,4946121.32,26262423.86,7956522.96,0,10141956.48,18292368.59,16380015.71,50147.13,13547934.17,-846483.2,129253544.16,81318309.34,1867069500.95
2022-01-06 00:19:49,13951446,87351,1377091572.8,1.0,22713973.79,104257748.27,688032.93,1504790103.0,14337.71,263596.43,53080.44,0.0,442.32,8421.02,241379.25,0.0,0.0,0.0,57690806.12,57690806.12,42682419.83,0.0,4257599.52,96134292.27,9987736.51,2002119.94,2501003.57,155064168.07,16436549.46,8616782.05,3638899.66,2740678.96,4916381.27,26263171.28,7811816.44,0,9902029.59,18294251.86,16177336.06,46013.13,13547934.17,-846483.2,128391843.93,60033361.41,1845936921.11
2022-01-07 00:19:49,13958214,87376,1377098987.42,1.0,22714286.54,104257748.27,688910.93,1504798395.62,13927.06,23570.11,50679.1,0.0,425.78,8369.57,235852.37,0.0,0.0,0.0,55964795.82,55964795.82,42683409.48,0.0,4257697.19,96146570.39,9973460.98,2002158.74,2500132.29,155063296.79,16436790.88,8730662.02,3639173.98,2793775.24,4955876.1,26263709.31,7975529.55,0,9909743.64,18295526.61,16393675.78,52578.13,13547934.17,-846483.2,128994975.41,58307357.75,1844821463.64
2022-01-08 00:19:49,13964377,87401,1377103200.57,1.0,22714452.56,104257748.27,689398.15,1504803095.99,14116.85,23870.67,50555.47,0.0,450.71,8399.12,234974.63,0.0,0.0,0.0,56494086.52,56494086.52,42685509.28,0.0,4257745.85,96159048.36,9962669.25,2002183.11,2503991.34,155067155.84,16436982.59,8778936.07,3639303.27,2803183.52,4970710.42,26264054.8,8007467.27,0,9800459.83,18296518.29,16444647.65,53722.13,13547934.17,-846483.2,129043920.02,58840994.81,1845408258.38
2022-01-09 00:19:49,13970971,87425,1377107315.73,1.0,22714495.26,104257748.27,689754.58,1504807567.59,12684.69,22397.92,71956.71,0.0,426.36,8288.93,227125.05,0.0,0.0,0.0,53726566.04,53726566.04,42687806.13,0.0,4257821.32,96170694.53,9938786.46,2002201.39,2494145.31,155057309.81,16437240.39,8668155.68,3639505.94,2766415.93,4928149.6,26264693.85,7876816.58,0,9668228.07,18297530.94,16297511.85,49562.13,13547934.17,-846483.2,128441745.15,56063984.65,1842033188.59
2022-01-10 00:19:49,13977379,87449,1377114246.91,1.0,22714740.98,104257748.27,690528.7,1504815272.88,12682.17,1088239.34,68904.38,0.0,417.26,8171.96,225289.32,0.0,0.0,0.0,56145624.04,56145624.04,42689697.84,0.0,4257874.71,96179196.38,9961566.41,2002224.77,2527395.6,155090560.1,16437322.23,8655335.5,3639584.9,2761262.04,4924175.79,26265071.9,7872819.55,0,9674707.18,18299081.88,16293539.76,48886.13,13547934.17,-846483.2,128419721.02,58517067.01,1844471178.04
2022-01-11 00:19:49,13984083,87474,1452121229.51,1.0,22715295.81,104257748.27,692525.13,1579824251.92,12198.3,1004871.78,68201.56,0.0,408.24,7867.53,252504.26,0.0,0.0,0.0,51917993.86,51917993.86,42691199.31,0.0,4257921.43,96195880.36,10017341.46,2002235.56,2601413.62,155164578.12,16437493.84,8622371.15,3639781.66,2748000.08,4921187.17,26265497.62,7813385.99,0,9649085.38,18300207.09,16260437.58,48119.13,13547934.17,-846483.2,128253500.85,54365451.25,1915160324.75
2022-01-12 00:19:49,13990324,87499,1527116197.53,1.0,22715529.71,104257748.27,693302.97,1654819997.78,13070.86,1092979.3,71234.6,0.0,433.71,8319.68,271335.83,0.0,0.0,0.0,55688250.12,55688250.12,42692409.39,0.0,4257970.02,96202584.27,10146870.13,2002251.94,2738921.26,155302085.76,16437620.49,8798200.6,3639914.94,2814930.54,4976001.96,26266429.75,8027169.09,0,9807215.91,18301325.16,16487207.83,53839.13,13547934.17,-846483.2,129157789.59,58273993.09,1994968123.25
2022-01-13 00:19:49,13996505,87525,1527124016.25,1.0,22715789.08,104257748.27,694099.87,1654828613.4,13668.33,1218448.86,73553.34,0.0,433.37,8405.2,293344.5,0.0,0.0,0.0,61128796.49,61128796.49,42693466.8,0.0,4257991.15,96214130.04,10138325.95,2002272.08,2743021.53,155306186.03,16437701.9,8715499.61,3640045.86,2777805.89,4941097.69,26267176.55,7946587.16,0,9792529.85,18303597.18,16367801.39,50303.14,13547934.17,-846483.2,128788080.38,63719436.64,2000051676.29
2022-01-14 00:19:49,14003515,87551,1527128821.39,1.0,22715911.07,104257748.27,694552.22,1654833870.88,13031.6,0.38,75972.04,0.0,412.18,7824.92,318513.13,0.0,0.0,0.0,61113134.97,61113134.97,42694664.48,0.0,4258022.22,96219474.13,12160292.0,2002285.8,2771574.12,157334738.62,16437913.61,8769833.31,3640240.34,2798168.56,4971226.91,31521015.48,8017943.94,0,9666243.6,18305011.24,16449613.74,52942.14,13547934.17,-846483.2,134178087.03,63732779.97,2007459831.51
2022-01-15 00:19:49,14009635,87577,1552131331.23,1.0,22716216.89,104257748.27,695350.47,1679837178.98,14943.11,0.38,78197.49,0.0,469.1,8246.05,301925.17,0.0,0.0,0.0,62011351.62,62011351.62,42695786.47,0.0,4258043.6,96234282.64,12140584.75,2002308.74,2767841.69,157331006.19,16438026.39,8733084.56,3640449.18,2783048.16,4951227.82,31521525.78,7957467.82,0,9629528.29,18306074.0,16390938.09,50758.14,13547934.17,-846483.2,133950062.4,64628062.7,2033129599.2
2022-01-16 00:19:49,14016407,87602,1552138766.85,1.0,22716297.73,104257748.27,695934.28,1679845198.41,14219.76,0.35,77801.19,0.0,469.59,8014.42,321077.43,0.0,0.0,0.0,58687156.36,58687156.36,42697016.3,0.0,4258060.72,96246037.17,12213962.78,2002325.75,2854238.22,157417402.72,16438161.04,8708709.84,3640602.15,2775603.95,4944174.6,31522018.48,7974224.57,0,9490146.67,18307070.18,16359171.52,49575.14,13547934.17,-846483.2,133757392.3,61390847.8,2029707149.79
2022-01-17 00:19:49,14022905,87627,1592138926.71,1.0,22716420.91,104257748.27,696600.36,1719846024.35,510229.76,779068.52,76533.74,0.0,466.51,7815.46,309593.33,0.0,0.0,0.0,58200309.53,58200309.53,42698247.01,0.0,4258078.33,96256034.82,12259369.4,2002342.63,2910907.7,157474072.2,16438274.42,8671428.7,3640791.49,2755354.17,4933043.96,31522688.92,7927280.58,0,9312974.94,18308059.9,16300607.4,46885.14,13547934.17,-846483.2,133405323.79,60961336.47,2068925729.87
2022-01-18 00:19:49,14029368,87652,1592144867.45,1.0,22716684.95,104257748.27,697256.15,1719852620.87,12790.0,766380.73,64394.8,0.0,455.77,7492.54,282171.58,0.0,0.0,0.0,54989036.42,54989036.42,42699612.9,0.0,4258094.08,96263363.65,12150981.92,2002361.8,2811249.85,157374414.35,16438400.14,10469116.76,3640895.21,3468191.29,5879573.22,31523602.33,9918953.96,0,10584795.47,18309251.33,18889388.85,43362.14,13547934.17,-846483.2,142713464.87,57651061.29,2074929536.51
2022-01-19 00:19:49,14035600,87676,1637164371.57,1.0,22716885.5,104257748.27,699257.8,1764874126.64,11806.41,744792.54,58193.52,0.0,426.5,7214.3,267322.46,0.0,0.0,0.0,56648015.3,56648015.3,42700999.95,0.0,4258112.53,96268117.85,12164679.5,2002377.95,2831123.28,157394287.78,16438799.25,10459289.71,3641050.79,3469666.7,5899440.85,41536054.25,9932801.66,0,10384751.62,18310457.37,18892729.74,39163.14,13547934.17,-846483.2,152552139.26,59331915.11,2131468568.98
2022-01-20 00:19:49,14041482,87698,1818154717.73,1.0,22717096.92,104257748.27,700770.45,1945865985.45,11839.53,766759.47,59298.96,0.0,431.4,7284.47,272469.67,0.0,0.0,0.0,75215890.45,75215890.45,42702365.04,0.0,4258126.83,96278752.46,12173829.7,2002400.75,2852310.28,157415474.78,16438980.54,10005370.5,3641166.93,3295347.07,5693115.36,41542781.83,9435163.85,0,10039580.22,18311628.1,18254775.93,36550.14,13547934.17,-846483.2,150242394.63,77922489.92,2328739745.32
